Using cpu device
---------------------------------
| rollout/           |          |
|    ep_len_mean     | 1.5e+03  |
|    ep_rew_mean     | -398     |
| time/              |          |
|    fps             | 3823     |
|    iterations      | 1        |
|    time_elapsed    | 4        |
|    total_timesteps | 16384    |
---------------------------------
------------------------------------------
| rollout/                |              |
|    ep_len_mean          | 1.5e+03      |
|    ep_rew_mean          | -336         |
| time/                   |              |
|    fps                  | 2735         |
|    iterations           | 2            |
|    time_elapsed         | 11           |
|    total_timesteps      | 32768        |
| train/                  |              |
|    approx_kl            | 0.0077837855 |
|    clip_fraction        | 0.0932       |
|    clip_range           | 0.2          |
|    entropy_loss         | -4.25        |
|    explained_variance   | -0.0293      |
|    learning_rate        | 0.0003       |
|    loss                 | 2.12         |
|    n_updates            | 10           |
|    policy_gradient_loss | -0.00833     |
|    std                  | 1            |
|    value_loss           | 6.02         |
------------------------------------------
------------------------------------------
| rollout/                |              |
|    ep_len_mean          | 1.5e+03      |
|    ep_rew_mean          | -213         |
| time/                   |              |
|    fps                  | 2517         |
|    iterations           | 3            |
|    time_elapsed         | 19           |
|    total_timesteps      | 49152        |
| train/                  |              |
|    approx_kl            | 0.0072429804 |
|    clip_fraction        | 0.0878       |
|    clip_range           | 0.2          |
|    entropy_loss         | -4.24        |
|    explained_variance   | 0.71         |
|    learning_rate        | 0.0003       |
|    loss                 | 1.86         |
|    n_updates            | 20           |
|    policy_gradient_loss | -0.00977     |
|    std                  | 0.993        |
|    value_loss           | 3.91         |
------------------------------------------
-----------------------------------------
| rollout/                |             |
|    ep_len_mean          | 1.5e+03     |
|    ep_rew_mean          | -176        |
| time/                   |             |
|    fps                  | 2411        |
|    iterations           | 4           |
|    time_elapsed         | 27          |
|    total_timesteps      | 65536       |
| train/                  |             |
|    approx_kl            | 0.008130595 |
|    clip_fraction        | 0.0926      |
|    clip_range           | 0.2         |
|    entropy_loss         | -4.21       |
|    explained_variance   | 0.61        |
|    learning_rate        | 0.0003      |
|    loss                 | 1.12        |
|    n_updates            | 30          |
|    policy_gradient_loss | -0.0088     |
|    std                  | 0.981       |
|    value_loss           | 2.54        |
-----------------------------------------
-----------------------------------------
| rollout/                |             |
|    ep_len_mean          | 1.5e+03     |
|    ep_rew_mean          | -150        |
| time/                   |             |
|    fps                  | 2367        |
|    iterations           | 5           |
|    time_elapsed         | 34          |
|    total_timesteps      | 81920       |
| train/                  |             |
|    approx_kl            | 0.008234831 |
|    clip_fraction        | 0.098       |
|    clip_range           | 0.2         |
|    entropy_loss         | -4.15       |
|    explained_variance   | 0.617       |
|    learning_rate        | 0.0003      |
|    loss                 | 0.11        |
|    n_updates            | 40          |
|    policy_gradient_loss | -0.00565    |
|    std                  | 0.963       |
|    value_loss           | 0.49        |
-----------------------------------------
----------------------------------------
| rollout/                |            |
|    ep_len_mean          | 1.5e+03    |
|    ep_rew_mean          | -130       |
| time/                   |            |
|    fps                  | 2327       |
|    iterations           | 6          |
|    time_elapsed         | 42         |
|    total_timesteps      | 98304      |
| train/                  |            |
|    approx_kl            | 0.00885509 |
|    clip_fraction        | 0.104      |
|    clip_range           | 0.2        |
|    entropy_loss         | -4.11      |
|    explained_variance   | 0.436      |
|    learning_rate        | 0.0003     |
|    loss                 | 0.0871     |
|    n_updates            | 50         |
|    policy_gradient_loss | -0.00475   |
|    std                  | 0.95       |
|    value_loss           | 0.454      |
----------------------------------------
------------------------------------------
| rollout/                |              |
|    ep_len_mean          | 1.5e+03      |
|    ep_rew_mean          | -120         |
| time/                   |              |
|    fps                  | 2291         |
|    iterations           | 7            |
|    time_elapsed         | 50           |
|    total_timesteps      | 114688       |
| train/                  |              |
|    approx_kl            | 0.0031766267 |
|    clip_fraction        | 0.0275       |
|    clip_range           | 0.2          |
|    entropy_loss         | -4.1         |
|    explained_variance   | 0.189        |
|    learning_rate        | 0.0003       |
|    loss                 | 0.281        |
|    n_updates            | 60           |
|    policy_gradient_loss | -0.00128     |
|    std                  | 0.95         |
|    value_loss           | 0.899        |
------------------------------------------
----------------------------------------
| rollout/                |            |
|    ep_len_mean          | 1.5e+03    |
|    ep_rew_mean          | -114       |
| time/                   |            |
|    fps                  | 2221       |
|    iterations           | 8          |
|    time_elapsed         | 58         |
|    total_timesteps      | 131072     |
| train/                  |            |
|    approx_kl            | 0.00756272 |
|    clip_fraction        | 0.0705     |
|    clip_range           | 0.2        |
|    entropy_loss         | -4.12      |
|    explained_variance   | 0.597      |
|    learning_rate        | 0.0003     |
|    loss                 | 0.0402     |
|    n_updates            | 70         |
|    policy_gradient_loss | -0.00156   |
|    std                  | 0.957      |
|    value_loss           | 0.841      |
----------------------------------------
------------------------------------------
| rollout/                |              |
|    ep_len_mean          | 1.5e+03      |
|    ep_rew_mean          | -101         |
| time/                   |              |
|    fps                  | 2173         |
|    iterations           | 9            |
|    time_elapsed         | 67           |
|    total_timesteps      | 147456       |
| train/                  |              |
|    approx_kl            | 0.0056283334 |
|    clip_fraction        | 0.0499       |
|    clip_range           | 0.2          |
|    entropy_loss         | -4.13        |
|    explained_variance   | 0.632        |
|    learning_rate        | 0.0003       |
|    loss                 | 0.697        |
|    n_updates            | 80           |
|    policy_gradient_loss | -0.00162     |
|    std                  | 0.959        |
|    value_loss           | 2.11         |
------------------------------------------
-----------------------------------------
| rollout/                |             |
|    ep_len_mean          | 1.5e+03     |
|    ep_rew_mean          | -84         |
| time/                   |             |
|    fps                  | 2170        |
|    iterations           | 10          |
|    time_elapsed         | 75          |
|    total_timesteps      | 163840      |
| train/                  |             |
|    approx_kl            | 0.007807939 |
|    clip_fraction        | 0.0802      |
|    clip_range           | 0.2         |
|    entropy_loss         | -4.12       |
|    explained_variance   | 0.671       |
|    learning_rate        | 0.0003      |
|    loss                 | 1.07        |
|    n_updates            | 90          |
|    policy_gradient_loss | -0.00353    |
|    std                  | 0.956       |
|    value_loss           | 1.23        |
-----------------------------------------
------------------------------------------
| rollout/                |              |
|    ep_len_mean          | 1.5e+03      |
|    ep_rew_mean          | -43.1        |
| time/                   |              |
|    fps                  | 2169         |
|    iterations           | 11           |
|    time_elapsed         | 83           |
|    total_timesteps      | 180224       |
| train/                  |              |
|    approx_kl            | 0.0052639716 |
|    clip_fraction        | 0.0576       |
|    clip_range           | 0.2          |
|    entropy_loss         | -4.14        |
|    explained_variance   | 0.424        |
|    learning_rate        | 0.0003       |
|    loss                 | 0.0198       |
|    n_updates            | 100          |
|    policy_gradient_loss | -0.000741    |
|    std                  | 0.965        |
|    value_loss           | 0.352        |
------------------------------------------
------------------------------------------
| rollout/                |              |
|    ep_len_mean          | 1.5e+03      |
|    ep_rew_mean          | -36.9        |
| time/                   |              |
|    fps                  | 2159         |
|    iterations           | 12           |
|    time_elapsed         | 91           |
|    total_timesteps      | 196608       |
| train/                  |              |
|    approx_kl            | 0.0076369904 |
|    clip_fraction        | 0.0756       |
|    clip_range           | 0.2          |
|    entropy_loss         | -4.13        |
|    explained_variance   | 0.362        |
|    learning_rate        | 0.0003       |
|    loss                 | 0.0333       |
|    n_updates            | 110          |
|    policy_gradient_loss | -0.00265     |
|    std                  | 0.955        |
|    value_loss           | 0.23         |
------------------------------------------
------------------------------------------
| rollout/                |              |
|    ep_len_mean          | 1.5e+03      |
|    ep_rew_mean          | -38          |
| time/                   |              |
|    fps                  | 2148         |
|    iterations           | 13           |
|    time_elapsed         | 99           |
|    total_timesteps      | 212992       |
| train/                  |              |
|    approx_kl            | 0.0062948675 |
|    clip_fraction        | 0.0659       |
|    clip_range           | 0.2          |
|    entropy_loss         | -4.15        |
|    explained_variance   | 0.489        |
|    learning_rate        | 0.0003       |
|    loss                 | 0.144        |
|    n_updates            | 120          |
|    policy_gradient_loss | -0.00234     |
|    std                  | 0.968        |
|    value_loss           | 1.41         |
------------------------------------------
-----------------------------------------
| rollout/                |             |
|    ep_len_mean          | 1.5e+03     |
|    ep_rew_mean          | -39.4       |
| time/                   |             |
|    fps                  | 2148        |
|    iterations           | 14          |
|    time_elapsed         | 106         |
|    total_timesteps      | 229376      |
| train/                  |             |
|    approx_kl            | 0.006188482 |
|    clip_fraction        | 0.0595      |
|    clip_range           | 0.2         |
|    entropy_loss         | -4.17       |
|    explained_variance   | 0.621       |
|    learning_rate        | 0.0003      |
|    loss                 | 2.21        |
|    n_updates            | 130         |
|    policy_gradient_loss | -0.00105    |
|    std                  | 0.969       |
|    value_loss           | 1.01        |
-----------------------------------------
-----------------------------------------
| rollout/                |             |
|    ep_len_mean          | 1.5e+03     |
|    ep_rew_mean          | -33         |
| time/                   |             |
|    fps                  | 2151        |
|    iterations           | 15          |
|    time_elapsed         | 114         |
|    total_timesteps      | 245760      |
| train/                  |             |
|    approx_kl            | 0.008201985 |
|    clip_fraction        | 0.0824      |
|    clip_range           | 0.2         |
|    entropy_loss         | -4.15       |
|    explained_variance   | 0.278       |
|    learning_rate        | 0.0003      |
|    loss                 | 0.157       |
|    n_updates            | 140         |
|    policy_gradient_loss | -0.00259    |
|    std                  | 0.965       |
|    value_loss           | 0.628       |
-----------------------------------------
----------------------------------------
| rollout/                |            |
|    ep_len_mean          | 1.5e+03    |
|    ep_rew_mean          | -42.1      |
| time/                   |            |
|    fps                  | 2151       |
|    iterations           | 16         |
|    time_elapsed         | 121        |
|    total_timesteps      | 262144     |
| train/                  |            |
|    approx_kl            | 0.00439787 |
|    clip_fraction        | 0.034      |
|    clip_range           | 0.2        |
|    entropy_loss         | -4.14      |
|    explained_variance   | 0.648      |
|    learning_rate        | 0.0003     |
|    loss                 | 0.883      |
|    n_updates            | 150        |
|    policy_gradient_loss | -0.000718  |
|    std                  | 0.959      |
|    value_loss           | 2.53       |
----------------------------------------
------------------------------------------
| rollout/                |              |
|    ep_len_mean          | 1.5e+03      |
|    ep_rew_mean          | -38.2        |
| time/                   |              |
|    fps                  | 2153         |
|    iterations           | 17           |
|    time_elapsed         | 129          |
|    total_timesteps      | 278528       |
| train/                  |              |
|    approx_kl            | 0.0046517537 |
|    clip_fraction        | 0.0428       |
|    clip_range           | 0.2          |
|    entropy_loss         | -4.14        |
|    explained_variance   | 0.867        |
|    learning_rate        | 0.0003       |
|    loss                 | 0.631        |
|    n_updates            | 160          |
|    policy_gradient_loss | -0.00139     |
|    std                  | 0.963        |
|    value_loss           | 1.34         |
------------------------------------------
------------------------------------------
| rollout/                |              |
|    ep_len_mean          | 1.5e+03      |
|    ep_rew_mean          | -37.6        |
| time/                   |              |
|    fps                  | 2157         |
|    iterations           | 18           |
|    time_elapsed         | 136          |
|    total_timesteps      | 294912       |
| train/                  |              |
|    approx_kl            | 0.0065500876 |
|    clip_fraction        | 0.0755       |
|    clip_range           | 0.2          |
|    entropy_loss         | -4.15        |
|    explained_variance   | 0.163        |
|    learning_rate        | 0.0003       |
|    loss                 | 0.0802       |
|    n_updates            | 170          |
|    policy_gradient_loss | -0.00156     |
|    std                  | 0.972        |
|    value_loss           | 0.719        |
------------------------------------------
-----------------------------------------
| rollout/                |             |
|    ep_len_mean          | 1.5e+03     |
|    ep_rew_mean          | -35.9       |
| time/                   |             |
|    fps                  | 2160        |
|    iterations           | 19          |
|    time_elapsed         | 144         |
|    total_timesteps      | 311296      |
| train/                  |             |
|    approx_kl            | 0.006883975 |
|    clip_fraction        | 0.0923      |
|    clip_range           | 0.2         |
|    entropy_loss         | -4.17       |
|    explained_variance   | 0.542       |
|    learning_rate        | 0.0003      |
|    loss                 | 0.198       |
|    n_updates            | 180         |
|    policy_gradient_loss | -0.00201    |
|    std                  | 0.975       |
|    value_loss           | 0.218       |
-----------------------------------------
-----------------------------------------
| rollout/                |             |
|    ep_len_mean          | 1.5e+03     |
|    ep_rew_mean          | -35.2       |
| time/                   |             |
|    fps                  | 2146        |
|    iterations           | 20          |
|    time_elapsed         | 152         |
|    total_timesteps      | 327680      |
| train/                  |             |
|    approx_kl            | 0.008291718 |
|    clip_fraction        | 0.0991      |
|    clip_range           | 0.2         |
|    entropy_loss         | -4.12       |
|    explained_variance   | 0.56        |
|    learning_rate        | 0.0003      |
|    loss                 | 0.272       |
|    n_updates            | 190         |
|    policy_gradient_loss | -0.0045     |
|    std                  | 0.953       |
|    value_loss           | 0.0497      |
-----------------------------------------
-----------------------------------------
| rollout/                |             |
|    ep_len_mean          | 1.5e+03     |
|    ep_rew_mean          | -41.8       |
| time/                   |             |
|    fps                  | 2103        |
|    iterations           | 21          |
|    time_elapsed         | 163         |
|    total_timesteps      | 344064      |
| train/                  |             |
|    approx_kl            | 0.007102195 |
|    clip_fraction        | 0.0723      |
|    clip_range           | 0.2         |
|    entropy_loss         | -4.15       |
|    explained_variance   | 0.122       |
|    learning_rate        | 0.0003      |
|    loss                 | 0.169       |
|    n_updates            | 200         |
|    policy_gradient_loss | -0.00113    |
|    std                  | 0.966       |
|    value_loss           | 0.309       |
-----------------------------------------
------------------------------------------
| rollout/                |              |
|    ep_len_mean          | 1.5e+03      |
|    ep_rew_mean          | -38.8        |
| time/                   |              |
|    fps                  | 2053         |
|    iterations           | 22           |
|    time_elapsed         | 175          |
|    total_timesteps      | 360448       |
| train/                  |              |
|    approx_kl            | 0.0051846793 |
|    clip_fraction        | 0.0497       |
|    clip_range           | 0.2          |
|    entropy_loss         | -4.16        |
|    explained_variance   | 0.759        |
|    learning_rate        | 0.0003       |
|    loss                 | 0.132        |
|    n_updates            | 210          |
|    policy_gradient_loss | -0.000465    |
|    std                  | 0.97         |
|    value_loss           | 0.481        |
------------------------------------------
------------------------------------------
| rollout/                |              |
|    ep_len_mean          | 1.5e+03      |
|    ep_rew_mean          | -40.6        |
| time/                   |              |
|    fps                  | 2039         |
|    iterations           | 23           |
|    time_elapsed         | 184          |
|    total_timesteps      | 376832       |
| train/                  |              |
|    approx_kl            | 0.0073423386 |
|    clip_fraction        | 0.0809       |
|    clip_range           | 0.2          |
|    entropy_loss         | -4.15        |
|    explained_variance   | 0.505        |
|    learning_rate        | 0.0003       |
|    loss                 | 0.0483       |
|    n_updates            | 220          |
|    policy_gradient_loss | -0.00115     |
|    std                  | 0.965        |
|    value_loss           | 0.366        |
------------------------------------------
------------------------------------------
| rollout/                |              |
|    ep_len_mean          | 1.5e+03      |
|    ep_rew_mean          | -49.1        |
| time/                   |              |
|    fps                  | 2027         |
|    iterations           | 24           |
|    time_elapsed         | 193          |
|    total_timesteps      | 393216       |
| train/                  |              |
|    approx_kl            | 0.0045458535 |
|    clip_fraction        | 0.04         |
|    clip_range           | 0.2          |
|    entropy_loss         | -4.17        |
|    explained_variance   | 0.768        |
|    learning_rate        | 0.0003       |
|    loss                 | 0.186        |
|    n_updates            | 230          |
|    policy_gradient_loss | -0.00106     |
|    std                  | 0.973        |
|    value_loss           | 0.787        |
------------------------------------------
------------------------------------------
| rollout/                |              |
|    ep_len_mean          | 1.5e+03      |
|    ep_rew_mean          | -45.3        |
| time/                   |              |
|    fps                  | 2011         |
|    iterations           | 25           |
|    time_elapsed         | 203          |
|    total_timesteps      | 409600       |
| train/                  |              |
|    approx_kl            | 0.0062240856 |
|    clip_fraction        | 0.0573       |
|    clip_range           | 0.2          |
|    entropy_loss         | -4.21        |
|    explained_variance   | 0.88         |
|    learning_rate        | 0.0003       |
|    loss                 | 0.246        |
|    n_updates            | 240          |
|    policy_gradient_loss | -0.0028      |
|    std                  | 0.995        |
|    value_loss           | 0.95         |
------------------------------------------
-----------------------------------------
| rollout/                |             |
|    ep_len_mean          | 1.5e+03     |
|    ep_rew_mean          | -49.9       |
| time/                   |             |
|    fps                  | 1990        |
|    iterations           | 26          |
|    time_elapsed         | 214         |
|    total_timesteps      | 425984      |
| train/                  |             |
|    approx_kl            | 0.005769086 |
|    clip_fraction        | 0.0612      |
|    clip_range           | 0.2         |
|    entropy_loss         | -4.25       |
|    explained_variance   | 0.915       |
|    learning_rate        | 0.0003      |
|    loss                 | 0.0397      |
|    n_updates            | 250         |
|    policy_gradient_loss | -0.00173    |
|    std                  | 1           |
|    value_loss           | 1.19        |
-----------------------------------------
-----------------------------------------
| rollout/                |             |
|    ep_len_mean          | 1.5e+03     |
|    ep_rew_mean          | -51         |
| time/                   |             |
|    fps                  | 1983        |
|    iterations           | 27          |
|    time_elapsed         | 223         |
|    total_timesteps      | 442368      |
| train/                  |             |
|    approx_kl            | 0.004847444 |
|    clip_fraction        | 0.0461      |
|    clip_range           | 0.2         |
|    entropy_loss         | -4.27       |
|    explained_variance   | 0.894       |
|    learning_rate        | 0.0003      |
|    loss                 | 1.44        |
|    n_updates            | 260         |
|    policy_gradient_loss | -0.00206    |
|    std                  | 1.01        |
|    value_loss           | 1.66        |
-----------------------------------------
-----------------------------------------
| rollout/                |             |
|    ep_len_mean          | 1.5e+03     |
|    ep_rew_mean          | -57.1       |
| time/                   |             |
|    fps                  | 1970        |
|    iterations           | 28          |
|    time_elapsed         | 232         |
|    total_timesteps      | 458752      |
| train/                  |             |
|    approx_kl            | 0.005253428 |
|    clip_fraction        | 0.0464      |
|    clip_range           | 0.2         |
|    entropy_loss         | -4.32       |
|    explained_variance   | 0.84        |
|    learning_rate        | 0.0003      |
|    loss                 | 1.1         |
|    n_updates            | 270         |
|    policy_gradient_loss | -0.00118    |
|    std                  | 1.02        |
|    value_loss           | 2.32        |
-----------------------------------------
------------------------------------------
| rollout/                |              |
|    ep_len_mean          | 1.5e+03      |
|    ep_rew_mean          | -56.7        |
| time/                   |              |
|    fps                  | 1977         |
|    iterations           | 29           |
|    time_elapsed         | 240          |
|    total_timesteps      | 475136       |
| train/                  |              |
|    approx_kl            | 0.0077641383 |
|    clip_fraction        | 0.0822       |
|    clip_range           | 0.2          |
|    entropy_loss         | -4.28        |
|    explained_variance   | 0.827        |
|    learning_rate        | 0.0003       |
|    loss                 | 0.0773       |
|    n_updates            | 280          |
|    policy_gradient_loss | -0.00329     |
|    std                  | 1.01         |
|    value_loss           | 0.983        |
------------------------------------------
-----------------------------------------
| rollout/                |             |
|    ep_len_mean          | 1.5e+03     |
|    ep_rew_mean          | -49.9       |
| time/                   |             |
|    fps                  | 1983        |
|    iterations           | 30          |
|    time_elapsed         | 247         |
|    total_timesteps      | 491520      |
| train/                  |             |
|    approx_kl            | 0.006485056 |
|    clip_fraction        | 0.0716      |
|    clip_range           | 0.2         |
|    entropy_loss         | -4.26       |
|    explained_variance   | 0.429       |
|    learning_rate        | 0.0003      |
|    loss                 | 0.00868     |
|    n_updates            | 290         |
|    policy_gradient_loss | -0.00122    |
|    std                  | 1           |
|    value_loss           | 0.392       |
-----------------------------------------
---------------------------------------
| rollout/                |           |
|    ep_len_mean          | 1.5e+03   |
|    ep_rew_mean          | -50.2     |
| time/                   |           |
|    fps                  | 1990      |
|    iterations           | 31        |
|    time_elapsed         | 255       |
|    total_timesteps      | 507904    |
| train/                  |           |
|    approx_kl            | 0.0069248 |
|    clip_fraction        | 0.069     |
|    clip_range           | 0.2       |
|    entropy_loss         | -4.26     |
|    explained_variance   | 0.591     |
|    learning_rate        | 0.0003    |
|    loss                 | 0.06      |
|    n_updates            | 300       |
|    policy_gradient_loss | -0.00203  |
|    std                  | 1         |
|    value_loss           | 0.281     |
---------------------------------------
-----------------------------------------
| rollout/                |             |
|    ep_len_mean          | 1.5e+03     |
|    ep_rew_mean          | -49.8       |
| time/                   |             |
|    fps                  | 1995        |
|    iterations           | 32          |
|    time_elapsed         | 262         |
|    total_timesteps      | 524288      |
| train/                  |             |
|    approx_kl            | 0.008288984 |
|    clip_fraction        | 0.0844      |
|    clip_range           | 0.2         |
|    entropy_loss         | -4.22       |
|    explained_variance   | 0.82        |
|    learning_rate        | 0.0003      |
|    loss                 | 0.137       |
|    n_updates            | 310         |
|    policy_gradient_loss | -0.00372    |
|    std                  | 0.986       |
|    value_loss           | 0.291       |
-----------------------------------------
------------------------------------------
| rollout/                |              |
|    ep_len_mean          | 1.5e+03      |
|    ep_rew_mean          | -37.3        |
| time/                   |              |
|    fps                  | 1999         |
|    iterations           | 33           |
|    time_elapsed         | 270          |
|    total_timesteps      | 540672       |
| train/                  |              |
|    approx_kl            | 0.0066987644 |
|    clip_fraction        | 0.0605       |
|    clip_range           | 0.2          |
|    entropy_loss         | -4.17        |
|    explained_variance   | 0.746        |
|    learning_rate        | 0.0003       |
|    loss                 | 0.0169       |
|    n_updates            | 320          |
|    policy_gradient_loss | -0.00206     |
|    std                  | 0.968        |
|    value_loss           | 0.0432       |
------------------------------------------
-----------------------------------------
| rollout/                |             |
|    ep_len_mean          | 1.5e+03     |
|    ep_rew_mean          | -28.7       |
| time/                   |             |
|    fps                  | 2004        |
|    iterations           | 34          |
|    time_elapsed         | 277         |
|    total_timesteps      | 557056      |
| train/                  |             |
|    approx_kl            | 0.007569249 |
|    clip_fraction        | 0.0824      |
|    clip_range           | 0.2         |
|    entropy_loss         | -4.1        |
|    explained_variance   | 0.66        |
|    learning_rate        | 0.0003      |
|    loss                 | -0.00531    |
|    n_updates            | 330         |
|    policy_gradient_loss | -0.00371    |
|    std                  | 0.951       |
|    value_loss           | 0.0129      |
-----------------------------------------
----------------------------------------
| rollout/                |            |
|    ep_len_mean          | 1.5e+03    |
|    ep_rew_mean          | -24.6      |
| time/                   |            |
|    fps                  | 2009       |
|    iterations           | 35         |
|    time_elapsed         | 285        |
|    total_timesteps      | 573440     |
| train/                  |            |
|    approx_kl            | 0.00746487 |
|    clip_fraction        | 0.0792     |
|    clip_range           | 0.2        |
|    entropy_loss         | -4.06      |
|    explained_variance   | 0.783      |
|    learning_rate        | 0.0003     |
|    loss                 | 0.0126     |
|    n_updates            | 340        |
|    policy_gradient_loss | -0.00429   |
|    std                  | 0.937      |
|    value_loss           | 0.0117     |
----------------------------------------
------------------------------------------
| rollout/                |              |
|    ep_len_mean          | 1.5e+03      |
|    ep_rew_mean          | -22.1        |
| time/                   |              |
|    fps                  | 2014         |
|    iterations           | 36           |
|    time_elapsed         | 292          |
|    total_timesteps      | 589824       |
| train/                  |              |
|    approx_kl            | 0.0066354335 |
|    clip_fraction        | 0.0587       |
|    clip_range           | 0.2          |
|    entropy_loss         | -4.09        |
|    explained_variance   | 0.26         |
|    learning_rate        | 0.0003       |
|    loss                 | 0.0139       |
|    n_updates            | 350          |
|    policy_gradient_loss | -0.00105     |
|    std                  | 0.961        |
|    value_loss           | 0.377        |
------------------------------------------
----------------------------------------
| rollout/                |            |
|    ep_len_mean          | 1.5e+03    |
|    ep_rew_mean          | -15.5      |
| time/                   |            |
|    fps                  | 2019       |
|    iterations           | 37         |
|    time_elapsed         | 300        |
|    total_timesteps      | 606208     |
| train/                  |            |
|    approx_kl            | 0.00709494 |
|    clip_fraction        | 0.0821     |
|    clip_range           | 0.2        |
|    entropy_loss         | -4.08      |
|    explained_variance   | 0.689      |
|    learning_rate        | 0.0003     |
|    loss                 | 0.0271     |
|    n_updates            | 360        |
|    policy_gradient_loss | -0.0037    |
|    std                  | 0.943      |
|    value_loss           | 0.0106     |
----------------------------------------
------------------------------------------
| rollout/                |              |
|    ep_len_mean          | 1.5e+03      |
|    ep_rew_mean          | -15.4        |
| time/                   |              |
|    fps                  | 2023         |
|    iterations           | 38           |
|    time_elapsed         | 307          |
|    total_timesteps      | 622592       |
| train/                  |              |
|    approx_kl            | 0.0058888122 |
|    clip_fraction        | 0.0657       |
|    clip_range           | 0.2          |
|    entropy_loss         | -4.05        |
|    explained_variance   | 0.433        |
|    learning_rate        | 0.0003       |
|    loss                 | 0.0135       |
|    n_updates            | 370          |
|    policy_gradient_loss | -0.00108     |
|    std                  | 0.941        |
|    value_loss           | 0.149        |
------------------------------------------
------------------------------------------
| rollout/                |              |
|    ep_len_mean          | 1.5e+03      |
|    ep_rew_mean          | -15.3        |
| time/                   |              |
|    fps                  | 2027         |
|    iterations           | 39           |
|    time_elapsed         | 315          |
|    total_timesteps      | 638976       |
| train/                  |              |
|    approx_kl            | 0.0080483025 |
|    clip_fraction        | 0.0905       |
|    clip_range           | 0.2          |
|    entropy_loss         | -4.03        |
|    explained_variance   | 0.185        |
|    learning_rate        | 0.0003       |
|    loss                 | 0.0475       |
|    n_updates            | 380          |
|    policy_gradient_loss | -0.00238     |
|    std                  | 0.93         |
|    value_loss           | 0.25         |
------------------------------------------
-----------------------------------------
| rollout/                |             |
|    ep_len_mean          | 1.5e+03     |
|    ep_rew_mean          | -14.8       |
| time/                   |             |
|    fps                  | 2031        |
|    iterations           | 40          |
|    time_elapsed         | 322         |
|    total_timesteps      | 655360      |
| train/                  |             |
|    approx_kl            | 0.008456431 |
|    clip_fraction        | 0.0829      |
|    clip_range           | 0.2         |
|    entropy_loss         | -3.95       |
|    explained_variance   | 0.331       |
|    learning_rate        | 0.0003      |
|    loss                 | -0.00752    |
|    n_updates            | 390         |
|    policy_gradient_loss | -0.00465    |
|    std                  | 0.902       |
|    value_loss           | 0.0182      |
-----------------------------------------
------------------------------------------
| rollout/                |              |
|    ep_len_mean          | 1.5e+03      |
|    ep_rew_mean          | -24.9        |
| time/                   |              |
|    fps                  | 2032         |
|    iterations           | 41           |
|    time_elapsed         | 330          |
|    total_timesteps      | 671744       |
| train/                  |              |
|    approx_kl            | 0.0058227545 |
|    clip_fraction        | 0.0508       |
|    clip_range           | 0.2          |
|    entropy_loss         | -3.98        |
|    explained_variance   | 0.507        |
|    learning_rate        | 0.0003       |
|    loss                 | 0.0358       |
|    n_updates            | 400          |
|    policy_gradient_loss | -0.0021      |
|    std                  | 0.924        |
|    value_loss           | 0.436        |
------------------------------------------
-----------------------------------------
| rollout/                |             |
|    ep_len_mean          | 1.5e+03     |
|    ep_rew_mean          | -31.5       |
| time/                   |             |
|    fps                  | 2034        |
|    iterations           | 42          |
|    time_elapsed         | 338         |
|    total_timesteps      | 688128      |
| train/                  |             |
|    approx_kl            | 0.004957774 |
|    clip_fraction        | 0.0474      |
|    clip_range           | 0.2         |
|    entropy_loss         | -4.02       |
|    explained_variance   | 0.914       |
|    learning_rate        | 0.0003      |
|    loss                 | 0.158       |
|    n_updates            | 410         |
|    policy_gradient_loss | -0.00183    |
|    std                  | 0.932       |
|    value_loss           | 0.349       |
-----------------------------------------
------------------------------------------
| rollout/                |              |
|    ep_len_mean          | 1.5e+03      |
|    ep_rew_mean          | -34.7        |
| time/                   |              |
|    fps                  | 2037         |
|    iterations           | 43           |
|    time_elapsed         | 345          |
|    total_timesteps      | 704512       |
| train/                  |              |
|    approx_kl            | 0.0052164188 |
|    clip_fraction        | 0.0468       |
|    clip_range           | 0.2          |
|    entropy_loss         | -4.04        |
|    explained_variance   | 0.168        |
|    learning_rate        | 0.0003       |
|    loss                 | 0.177        |
|    n_updates            | 420          |
|    policy_gradient_loss | -0.0014      |
|    std                  | 0.935        |
|    value_loss           | 1.74         |
------------------------------------------
-----------------------------------------
| rollout/                |             |
|    ep_len_mean          | 1.5e+03     |
|    ep_rew_mean          | -42.2       |
| time/                   |             |
|    fps                  | 2038        |
|    iterations           | 44          |
|    time_elapsed         | 353         |
|    total_timesteps      | 720896      |
| train/                  |             |
|    approx_kl            | 0.005747253 |
|    clip_fraction        | 0.0619      |
|    clip_range           | 0.2         |
|    entropy_loss         | -4.05       |
|    explained_variance   | 0.741       |
|    learning_rate        | 0.0003      |
|    loss                 | 0.0934      |
|    n_updates            | 430         |
|    policy_gradient_loss | -0.000536   |
|    std                  | 0.937       |
|    value_loss           | 0.52        |
-----------------------------------------
------------------------------------------
| rollout/                |              |
|    ep_len_mean          | 1.5e+03      |
|    ep_rew_mean          | -42.5        |
| time/                   |              |
|    fps                  | 2041         |
|    iterations           | 45           |
|    time_elapsed         | 361          |
|    total_timesteps      | 737280       |
| train/                  |              |
|    approx_kl            | 0.0053983536 |
|    clip_fraction        | 0.0552       |
|    clip_range           | 0.2          |
|    entropy_loss         | -4.08        |
|    explained_variance   | 0.925        |
|    learning_rate        | 0.0003       |
|    loss                 | 0.106        |
|    n_updates            | 440          |
|    policy_gradient_loss | -0.00254     |
|    std                  | 0.949        |
|    value_loss           | 0.505        |
------------------------------------------
------------------------------------------
| rollout/                |              |
|    ep_len_mean          | 1.5e+03      |
|    ep_rew_mean          | -42.5        |
| time/                   |              |
|    fps                  | 2044         |
|    iterations           | 46           |
|    time_elapsed         | 368          |
|    total_timesteps      | 753664       |
| train/                  |              |
|    approx_kl            | 0.0074790083 |
|    clip_fraction        | 0.0744       |
|    clip_range           | 0.2          |
|    entropy_loss         | -4.06        |
|    explained_variance   | 0.905        |
|    learning_rate        | 0.0003       |
|    loss                 | -0.0241      |
|    n_updates            | 450          |
|    policy_gradient_loss | -0.00111     |
|    std                  | 0.934        |
|    value_loss           | 0.0519       |
------------------------------------------
------------------------------------------
| rollout/                |              |
|    ep_len_mean          | 1.49e+03     |
|    ep_rew_mean          | -47.6        |
| time/                   |              |
|    fps                  | 2045         |
|    iterations           | 47           |
|    time_elapsed         | 376          |
|    total_timesteps      | 770048       |
| train/                  |              |
|    approx_kl            | 0.0071358606 |
|    clip_fraction        | 0.0733       |
|    clip_range           | 0.2          |
|    entropy_loss         | -4.01        |
|    explained_variance   | 0.346        |
|    learning_rate        | 0.0003       |
|    loss                 | -0.00442     |
|    n_updates            | 460          |
|    policy_gradient_loss | -0.00226     |
|    std                  | 0.925        |
|    value_loss           | 0.211        |
------------------------------------------
------------------------------------------
| rollout/                |              |
|    ep_len_mean          | 1.48e+03     |
|    ep_rew_mean          | -47.5        |
| time/                   |              |
|    fps                  | 2047         |
|    iterations           | 48           |
|    time_elapsed         | 384          |
|    total_timesteps      | 786432       |
| train/                  |              |
|    approx_kl            | 0.0055071055 |
|    clip_fraction        | 0.0518       |
|    clip_range           | 0.2          |
|    entropy_loss         | -4.06        |
|    explained_variance   | 0.752        |
|    learning_rate        | 0.0003       |
|    loss                 | 0.278        |
|    n_updates            | 470          |
|    policy_gradient_loss | -0.00316     |
|    std                  | 0.946        |
|    value_loss           | 0.49         |
------------------------------------------
-----------------------------------------
| rollout/                |             |
|    ep_len_mean          | 1.48e+03    |
|    ep_rew_mean          | -48.7       |
| time/                   |             |
|    fps                  | 2048        |
|    iterations           | 49          |
|    time_elapsed         | 391         |
|    total_timesteps      | 802816      |
| train/                  |             |
|    approx_kl            | 0.010457005 |
|    clip_fraction        | 0.109       |
|    clip_range           | 0.2         |
|    entropy_loss         | -4          |
|    explained_variance   | 0.889       |
|    learning_rate        | 0.0003      |
|    loss                 | 0.0321      |
|    n_updates            | 480         |
|    policy_gradient_loss | -0.0034     |
|    std                  | 0.917       |
|    value_loss           | 0.228       |
-----------------------------------------
-----------------------------------------
| rollout/                |             |
|    ep_len_mean          | 1.48e+03    |
|    ep_rew_mean          | -40.8       |
| time/                   |             |
|    fps                  | 2048        |
|    iterations           | 50          |
|    time_elapsed         | 399         |
|    total_timesteps      | 819200      |
| train/                  |             |
|    approx_kl            | 0.007210234 |
|    clip_fraction        | 0.0749      |
|    clip_range           | 0.2         |
|    entropy_loss         | -3.93       |
|    explained_variance   | 0.901       |
|    learning_rate        | 0.0003      |
|    loss                 | 0.0136      |
|    n_updates            | 490         |
|    policy_gradient_loss | -0.0021     |
|    std                  | 0.896       |
|    value_loss           | 0.2         |
-----------------------------------------
------------------------------------------
| rollout/                |              |
|    ep_len_mean          | 1.44e+03     |
|    ep_rew_mean          | -43.4        |
| time/                   |              |
|    fps                  | 2049         |
|    iterations           | 51           |
|    time_elapsed         | 407          |
|    total_timesteps      | 835584       |
| train/                  |              |
|    approx_kl            | 0.0069879596 |
|    clip_fraction        | 0.0657       |
|    clip_range           | 0.2          |
|    entropy_loss         | -3.95        |
|    explained_variance   | 0.31         |
|    learning_rate        | 0.0003       |
|    loss                 | 0.728        |
|    n_updates            | 500          |
|    policy_gradient_loss | -0.00222     |
|    std                  | 0.913        |
|    value_loss           | 0.627        |
------------------------------------------
------------------------------------------
| rollout/                |              |
|    ep_len_mean          | 1.43e+03     |
|    ep_rew_mean          | -48.1        |
| time/                   |              |
|    fps                  | 2051         |
|    iterations           | 52           |
|    time_elapsed         | 415          |
|    total_timesteps      | 851968       |
| train/                  |              |
|    approx_kl            | 0.0058596903 |
|    clip_fraction        | 0.0487       |
|    clip_range           | 0.2          |
|    entropy_loss         | -3.97        |
|    explained_variance   | 0.502        |
|    learning_rate        | 0.0003       |
|    loss                 | 0.437        |
|    n_updates            | 510          |
|    policy_gradient_loss | -0.00266     |
|    std                  | 0.914        |
|    value_loss           | 2.44         |
------------------------------------------
------------------------------------------
| rollout/                |              |
|    ep_len_mean          | 1.43e+03     |
|    ep_rew_mean          | -47.8        |
| time/                   |              |
|    fps                  | 2052         |
|    iterations           | 53           |
|    time_elapsed         | 422          |
|    total_timesteps      | 868352       |
| train/                  |              |
|    approx_kl            | 0.0063416627 |
|    clip_fraction        | 0.0656       |
|    clip_range           | 0.2          |
|    entropy_loss         | -3.96        |
|    explained_variance   | 0.828        |
|    learning_rate        | 0.0003       |
|    loss                 | 0.703        |
|    n_updates            | 520          |
|    policy_gradient_loss | -0.00424     |
|    std                  | 0.915        |
|    value_loss           | 1.3          |
------------------------------------------
------------------------------------------
| rollout/                |              |
|    ep_len_mean          | 1.41e+03     |
|    ep_rew_mean          | -51.6        |
| time/                   |              |
|    fps                  | 2054         |
|    iterations           | 54           |
|    time_elapsed         | 430          |
|    total_timesteps      | 884736       |
| train/                  |              |
|    approx_kl            | 0.0053151217 |
|    clip_fraction        | 0.0499       |
|    clip_range           | 0.2          |
|    entropy_loss         | -4           |
|    explained_variance   | 0.755        |
|    learning_rate        | 0.0003       |
|    loss                 | 0.917        |
|    n_updates            | 530          |
|    policy_gradient_loss | -0.00169     |
|    std                  | 0.93         |
|    value_loss           | 1.54         |
------------------------------------------
------------------------------------------
| rollout/                |              |
|    ep_len_mean          | 1.41e+03     |
|    ep_rew_mean          | -55.5        |
| time/                   |              |
|    fps                  | 2056         |
|    iterations           | 55           |
|    time_elapsed         | 438          |
|    total_timesteps      | 901120       |
| train/                  |              |
|    approx_kl            | 0.0045163706 |
|    clip_fraction        | 0.0451       |
|    clip_range           | 0.2          |
|    entropy_loss         | -4.02        |
|    explained_variance   | 0.864        |
|    learning_rate        | 0.0003       |
|    loss                 | 0.85         |
|    n_updates            | 540          |
|    policy_gradient_loss | -0.00148     |
|    std                  | 0.934        |
|    value_loss           | 1.02         |
------------------------------------------
------------------------------------------
| rollout/                |              |
|    ep_len_mean          | 1.42e+03     |
|    ep_rew_mean          | -54.1        |
| time/                   |              |
|    fps                  | 2058         |
|    iterations           | 56           |
|    time_elapsed         | 445          |
|    total_timesteps      | 917504       |
| train/                  |              |
|    approx_kl            | 0.0055248262 |
|    clip_fraction        | 0.0655       |
|    clip_range           | 0.2          |
|    entropy_loss         | -4.03        |
|    explained_variance   | 0.905        |
|    learning_rate        | 0.0003       |
|    loss                 | 0.207        |
|    n_updates            | 550          |
|    policy_gradient_loss | -0.00161     |
|    std                  | 0.933        |
|    value_loss           | 0.348        |
------------------------------------------
----------------------------------------
| rollout/                |            |
|    ep_len_mean          | 1.42e+03   |
|    ep_rew_mean          | -61        |
| time/                   |            |
|    fps                  | 2059       |
|    iterations           | 57         |
|    time_elapsed         | 453        |
|    total_timesteps      | 933888     |
| train/                  |            |
|    approx_kl            | 0.00783136 |
|    clip_fraction        | 0.0736     |
|    clip_range           | 0.2        |
|    entropy_loss         | -3.98      |
|    explained_variance   | 0.916      |
|    learning_rate        | 0.0003     |
|    loss                 | 0.0731     |
|    n_updates            | 560        |
|    policy_gradient_loss | -0.00401   |
|    std                  | 0.91       |
|    value_loss           | 0.733      |
----------------------------------------
------------------------------------------
| rollout/                |              |
|    ep_len_mean          | 1.41e+03     |
|    ep_rew_mean          | -62.1        |
| time/                   |              |
|    fps                  | 2056         |
|    iterations           | 58           |
|    time_elapsed         | 462          |
|    total_timesteps      | 950272       |
| train/                  |              |
|    approx_kl            | 0.0062416964 |
|    clip_fraction        | 0.0612       |
|    clip_range           | 0.2          |
|    entropy_loss         | -3.97        |
|    explained_variance   | 0.921        |
|    learning_rate        | 0.0003       |
|    loss                 | 0.0506       |
|    n_updates            | 570          |
|    policy_gradient_loss | -0.00147     |
|    std                  | 0.918        |
|    value_loss           | 0.799        |
------------------------------------------
-----------------------------------------
| rollout/                |             |
|    ep_len_mean          | 1.41e+03    |
|    ep_rew_mean          | -61.1       |
| time/                   |             |
|    fps                  | 2057        |
|    iterations           | 59          |
|    time_elapsed         | 469         |
|    total_timesteps      | 966656      |
| train/                  |             |
|    approx_kl            | 0.006410351 |
|    clip_fraction        | 0.0795      |
|    clip_range           | 0.2         |
|    entropy_loss         | -3.95       |
|    explained_variance   | 0.949       |
|    learning_rate        | 0.0003      |
|    loss                 | 0.225       |
|    n_updates            | 580         |
|    policy_gradient_loss | -0.00371    |
|    std                  | 0.908       |
|    value_loss           | 0.711       |
-----------------------------------------
------------------------------------------
| rollout/                |              |
|    ep_len_mean          | 1.44e+03     |
|    ep_rew_mean          | -48.9        |
| time/                   |              |
|    fps                  | 2059         |
|    iterations           | 60           |
|    time_elapsed         | 477          |
|    total_timesteps      | 983040       |
| train/                  |              |
|    approx_kl            | 0.0076718647 |
|    clip_fraction        | 0.0801       |
|    clip_range           | 0.2          |
|    entropy_loss         | -3.89        |
|    explained_variance   | 0.85         |
|    learning_rate        | 0.0003       |
|    loss                 | 0.0314       |
|    n_updates            | 590          |
|    policy_gradient_loss | -0.00124     |
|    std                  | 0.887        |
|    value_loss           | 0.556        |
------------------------------------------
------------------------------------------
| rollout/                |              |
|    ep_len_mean          | 1.44e+03     |
|    ep_rew_mean          | -40.4        |
| time/                   |              |
|    fps                  | 2061         |
|    iterations           | 61           |
|    time_elapsed         | 484          |
|    total_timesteps      | 999424       |
| train/                  |              |
|    approx_kl            | 0.0086457245 |
|    clip_fraction        | 0.0832       |
|    clip_range           | 0.2          |
|    entropy_loss         | -3.81        |
|    explained_variance   | 0.36         |
|    learning_rate        | 0.0003       |
|    loss                 | 0.0207       |
|    n_updates            | 600          |
|    policy_gradient_loss | -0.00333     |
|    std                  | 0.865        |
|    value_loss           | 0.0403       |
------------------------------------------
-----------------------------------------
| rollout/                |             |
|    ep_len_mean          | 1.41e+03    |
|    ep_rew_mean          | -33.9       |
| time/                   |             |
|    fps                  | 2062        |
|    iterations           | 62          |
|    time_elapsed         | 492         |
|    total_timesteps      | 1015808     |
| train/                  |             |
|    approx_kl            | 0.008048331 |
|    clip_fraction        | 0.0865      |
|    clip_range           | 0.2         |
|    entropy_loss         | -3.74       |
|    explained_variance   | 0.788       |
|    learning_rate        | 0.0003      |
|    loss                 | 0.0111      |
|    n_updates            | 610         |
|    policy_gradient_loss | -0.00316    |
|    std                  | 0.848       |
|    value_loss           | 0.106       |
-----------------------------------------
------------------------------------------
| rollout/                |              |
|    ep_len_mean          | 1.36e+03     |
|    ep_rew_mean          | -27          |
| time/                   |              |
|    fps                  | 2063         |
|    iterations           | 63           |
|    time_elapsed         | 500          |
|    total_timesteps      | 1032192      |
| train/                  |              |
|    approx_kl            | 0.0070055337 |
|    clip_fraction        | 0.064        |
|    clip_range           | 0.2          |
|    entropy_loss         | -3.7         |
|    explained_variance   | 0.874        |
|    learning_rate        | 0.0003       |
|    loss                 | 0.075        |
|    n_updates            | 620          |
|    policy_gradient_loss | -0.00185     |
|    std                  | 0.84         |
|    value_loss           | 0.43         |
------------------------------------------
-----------------------------------------
| rollout/                |             |
|    ep_len_mean          | 1.33e+03    |
|    ep_rew_mean          | -22.4       |
| time/                   |             |
|    fps                  | 2064        |
|    iterations           | 64          |
|    time_elapsed         | 507         |
|    total_timesteps      | 1048576     |
| train/                  |             |
|    approx_kl            | 0.009102989 |
|    clip_fraction        | 0.0907      |
|    clip_range           | 0.2         |
|    entropy_loss         | -3.65       |
|    explained_variance   | 0.871       |
|    learning_rate        | 0.0003      |
|    loss                 | 0.097       |
|    n_updates            | 630         |
|    policy_gradient_loss | -0.00385    |
|    std                  | 0.826       |
|    value_loss           | 0.556       |
-----------------------------------------
-----------------------------------------
| rollout/                |             |
|    ep_len_mean          | 1.28e+03    |
|    ep_rew_mean          | -14.7       |
| time/                   |             |
|    fps                  | 2066        |
|    iterations           | 65          |
|    time_elapsed         | 515         |
|    total_timesteps      | 1064960     |
| train/                  |             |
|    approx_kl            | 0.007947903 |
|    clip_fraction        | 0.0856      |
|    clip_range           | 0.2         |
|    entropy_loss         | -3.61       |
|    explained_variance   | 0.757       |
|    learning_rate        | 0.0003      |
|    loss                 | 0.02        |
|    n_updates            | 640         |
|    policy_gradient_loss | -0.00205    |
|    std                  | 0.817       |
|    value_loss           | 0.163       |
-----------------------------------------
----------------------------------------
| rollout/                |            |
|    ep_len_mean          | 1.25e+03   |
|    ep_rew_mean          | -10.6      |
| time/                   |            |
|    fps                  | 2066       |
|    iterations           | 66         |
|    time_elapsed         | 523        |
|    total_timesteps      | 1081344    |
| train/                  |            |
|    approx_kl            | 0.00815036 |
|    clip_fraction        | 0.0969     |
|    clip_range           | 0.2        |
|    entropy_loss         | -3.58      |
|    explained_variance   | 0.33       |
|    learning_rate        | 0.0003     |
|    loss                 | 0.175      |
|    n_updates            | 650        |
|    policy_gradient_loss | -0.00295   |
|    std                  | 0.812      |
|    value_loss           | 0.327      |
----------------------------------------
------------------------------------------
| rollout/                |              |
|    ep_len_mean          | 1.24e+03     |
|    ep_rew_mean          | -17.9        |
| time/                   |              |
|    fps                  | 2067         |
|    iterations           | 67           |
|    time_elapsed         | 531          |
|    total_timesteps      | 1097728      |
| train/                  |              |
|    approx_kl            | 0.0067233285 |
|    clip_fraction        | 0.0601       |
|    clip_range           | 0.2          |
|    entropy_loss         | -3.59        |
|    explained_variance   | 0.408        |
|    learning_rate        | 0.0003       |
|    loss                 | 0.154        |
|    n_updates            | 660          |
|    policy_gradient_loss | -0.000472    |
|    std                  | 0.82         |
|    value_loss           | 0.672        |
------------------------------------------
-----------------------------------------
| rollout/                |             |
|    ep_len_mean          | 1.16e+03    |
|    ep_rew_mean          | -35.6       |
| time/                   |             |
|    fps                  | 2067        |
|    iterations           | 68          |
|    time_elapsed         | 538         |
|    total_timesteps      | 1114112     |
| train/                  |             |
|    approx_kl            | 0.005905902 |
|    clip_fraction        | 0.0554      |
|    clip_range           | 0.2         |
|    entropy_loss         | -3.63       |
|    explained_variance   | 0.676       |
|    learning_rate        | 0.0003      |
|    loss                 | 0.0752      |
|    n_updates            | 670         |
|    policy_gradient_loss | -0.00134    |
|    std                  | 0.828       |
|    value_loss           | 0.663       |
-----------------------------------------
------------------------------------------
| rollout/                |              |
|    ep_len_mean          | 1.13e+03     |
|    ep_rew_mean          | -35.6        |
| time/                   |              |
|    fps                  | 2067         |
|    iterations           | 69           |
|    time_elapsed         | 546          |
|    total_timesteps      | 1130496      |
| train/                  |              |
|    approx_kl            | 0.0054878145 |
|    clip_fraction        | 0.0474       |
|    clip_range           | 0.2          |
|    entropy_loss         | -3.64        |
|    explained_variance   | 0.543        |
|    learning_rate        | 0.0003       |
|    loss                 | 1.06         |
|    n_updates            | 680          |
|    policy_gradient_loss | -0.00146     |
|    std                  | 0.831        |
|    value_loss           | 1.93         |
------------------------------------------
-----------------------------------------
| rollout/                |             |
|    ep_len_mean          | 1.13e+03    |
|    ep_rew_mean          | -37.6       |
| time/                   |             |
|    fps                  | 2068        |
|    iterations           | 70          |
|    time_elapsed         | 554         |
|    total_timesteps      | 1146880     |
| train/                  |             |
|    approx_kl            | 0.008187057 |
|    clip_fraction        | 0.0999      |
|    clip_range           | 0.2         |
|    entropy_loss         | -3.61       |
|    explained_variance   | 0.809       |
|    learning_rate        | 0.0003      |
|    loss                 | 0.531       |
|    n_updates            | 690         |
|    policy_gradient_loss | -0.00386    |
|    std                  | 0.82        |
|    value_loss           | 0.508       |
-----------------------------------------
------------------------------------------
| rollout/                |              |
|    ep_len_mean          | 1.07e+03     |
|    ep_rew_mean          | -38.5        |
| time/                   |              |
|    fps                  | 2068         |
|    iterations           | 71           |
|    time_elapsed         | 562          |
|    total_timesteps      | 1163264      |
| train/                  |              |
|    approx_kl            | 0.0064663403 |
|    clip_fraction        | 0.0645       |
|    clip_range           | 0.2          |
|    entropy_loss         | -3.62        |
|    explained_variance   | 0.627        |
|    learning_rate        | 0.0003       |
|    loss                 | 0.151        |
|    n_updates            | 700          |
|    policy_gradient_loss | -0.000889    |
|    std                  | 0.828        |
|    value_loss           | 0.675        |
------------------------------------------
------------------------------------------
| rollout/                |              |
|    ep_len_mean          | 1.06e+03     |
|    ep_rew_mean          | -42.1        |
| time/                   |              |
|    fps                  | 2069         |
|    iterations           | 72           |
|    time_elapsed         | 569          |
|    total_timesteps      | 1179648      |
| train/                  |              |
|    approx_kl            | 0.0066242255 |
|    clip_fraction        | 0.0785       |
|    clip_range           | 0.2          |
|    entropy_loss         | -3.63        |
|    explained_variance   | 0.679        |
|    learning_rate        | 0.0003       |
|    loss                 | 0.531        |
|    n_updates            | 710          |
|    policy_gradient_loss | -0.00219     |
|    std                  | 0.832        |
|    value_loss           | 0.79         |
------------------------------------------
-----------------------------------------
| rollout/                |             |
|    ep_len_mean          | 1.04e+03    |
|    ep_rew_mean          | -34.2       |
| time/                   |             |
|    fps                  | 2071        |
|    iterations           | 73          |
|    time_elapsed         | 577         |
|    total_timesteps      | 1196032     |
| train/                  |             |
|    approx_kl            | 0.007546981 |
|    clip_fraction        | 0.0681      |
|    clip_range           | 0.2         |
|    entropy_loss         | -3.63       |
|    explained_variance   | 0.719       |
|    learning_rate        | 0.0003      |
|    loss                 | 1.89        |
|    n_updates            | 720         |
|    policy_gradient_loss | -0.00115    |
|    std                  | 0.829       |
|    value_loss           | 1.01        |
-----------------------------------------
-----------------------------------------
| rollout/                |             |
|    ep_len_mean          | 1.01e+03    |
|    ep_rew_mean          | -26         |
| time/                   |             |
|    fps                  | 2073        |
|    iterations           | 74          |
|    time_elapsed         | 584         |
|    total_timesteps      | 1212416     |
| train/                  |             |
|    approx_kl            | 0.008476773 |
|    clip_fraction        | 0.0979      |
|    clip_range           | 0.2         |
|    entropy_loss         | -3.63       |
|    explained_variance   | 0.672       |
|    learning_rate        | 0.0003      |
|    loss                 | 0.378       |
|    n_updates            | 730         |
|    policy_gradient_loss | -0.00263    |
|    std                  | 0.829       |
|    value_loss           | 0.554       |
-----------------------------------------
-----------------------------------------
| rollout/                |             |
|    ep_len_mean          | 1.03e+03    |
|    ep_rew_mean          | -16.8       |
| time/                   |             |
|    fps                  | 2074        |
|    iterations           | 75          |
|    time_elapsed         | 592         |
|    total_timesteps      | 1228800     |
| train/                  |             |
|    approx_kl            | 0.007763013 |
|    clip_fraction        | 0.0745      |
|    clip_range           | 0.2         |
|    entropy_loss         | -3.62       |
|    explained_variance   | 0.84        |
|    learning_rate        | 0.0003      |
|    loss                 | 1.65        |
|    n_updates            | 740         |
|    policy_gradient_loss | -0.00236    |
|    std                  | 0.823       |
|    value_loss           | 0.918       |
-----------------------------------------
-----------------------------------------
| rollout/                |             |
|    ep_len_mean          | 985         |
|    ep_rew_mean          | -14.9       |
| time/                   |             |
|    fps                  | 2074        |
|    iterations           | 76          |
|    time_elapsed         | 600         |
|    total_timesteps      | 1245184     |
| train/                  |             |
|    approx_kl            | 0.007100794 |
|    clip_fraction        | 0.0774      |
|    clip_range           | 0.2         |
|    entropy_loss         | -3.59       |
|    explained_variance   | 0.688       |
|    learning_rate        | 0.0003      |
|    loss                 | 0.357       |
|    n_updates            | 750         |
|    policy_gradient_loss | -0.00257    |
|    std                  | 0.818       |
|    value_loss           | 0.337       |
-----------------------------------------
-----------------------------------------
| rollout/                |             |
|    ep_len_mean          | 967         |
|    ep_rew_mean          | -26.7       |
| time/                   |             |
|    fps                  | 2074        |
|    iterations           | 77          |
|    time_elapsed         | 608         |
|    total_timesteps      | 1261568     |
| train/                  |             |
|    approx_kl            | 0.005534755 |
|    clip_fraction        | 0.0441      |
|    clip_range           | 0.2         |
|    entropy_loss         | -3.6        |
|    explained_variance   | 0.448       |
|    learning_rate        | 0.0003      |
|    loss                 | 0.109       |
|    n_updates            | 760         |
|    policy_gradient_loss | -0.00178    |
|    std                  | 0.822       |
|    value_loss           | 1.18        |
-----------------------------------------
------------------------------------------
| rollout/                |              |
|    ep_len_mean          | 956          |
|    ep_rew_mean          | -25.6        |
| time/                   |              |
|    fps                  | 2075         |
|    iterations           | 78           |
|    time_elapsed         | 615          |
|    total_timesteps      | 1277952      |
| train/                  |              |
|    approx_kl            | 0.0072006183 |
|    clip_fraction        | 0.0763       |
|    clip_range           | 0.2          |
|    entropy_loss         | -3.62        |
|    explained_variance   | 0.819        |
|    learning_rate        | 0.0003       |
|    loss                 | 0.268        |
|    n_updates            | 770          |
|    policy_gradient_loss | -0.00217     |
|    std                  | 0.83         |
|    value_loss           | 1.7          |
------------------------------------------
----------------------------------------
| rollout/                |            |
|    ep_len_mean          | 910        |
|    ep_rew_mean          | -26        |
| time/                   |            |
|    fps                  | 2076       |
|    iterations           | 79         |
|    time_elapsed         | 623        |
|    total_timesteps      | 1294336    |
| train/                  |            |
|    approx_kl            | 0.00842689 |
|    clip_fraction        | 0.088      |
|    clip_range           | 0.2        |
|    entropy_loss         | -3.61      |
|    explained_variance   | 0.793      |
|    learning_rate        | 0.0003     |
|    loss                 | 0.243      |
|    n_updates            | 780        |
|    policy_gradient_loss | -0.00252   |
|    std                  | 0.823      |
|    value_loss           | 0.74       |
----------------------------------------
-----------------------------------------
| rollout/                |             |
|    ep_len_mean          | 883         |
|    ep_rew_mean          | -30.3       |
| time/                   |             |
|    fps                  | 2077        |
|    iterations           | 80          |
|    time_elapsed         | 630         |
|    total_timesteps      | 1310720     |
| train/                  |             |
|    approx_kl            | 0.006302285 |
|    clip_fraction        | 0.0663      |
|    clip_range           | 0.2         |
|    entropy_loss         | -3.59       |
|    explained_variance   | 0.787       |
|    learning_rate        | 0.0003      |
|    loss                 | 0.928       |
|    n_updates            | 790         |
|    policy_gradient_loss | -0.00224    |
|    std                  | 0.82        |
|    value_loss           | 0.951       |
-----------------------------------------
-----------------------------------------
| rollout/                |             |
|    ep_len_mean          | 890         |
|    ep_rew_mean          | -27         |
| time/                   |             |
|    fps                  | 2078        |
|    iterations           | 81          |
|    time_elapsed         | 638         |
|    total_timesteps      | 1327104     |
| train/                  |             |
|    approx_kl            | 0.008461909 |
|    clip_fraction        | 0.103       |
|    clip_range           | 0.2         |
|    entropy_loss         | -3.58       |
|    explained_variance   | 0.859       |
|    learning_rate        | 0.0003      |
|    loss                 | 0.183       |
|    n_updates            | 800         |
|    policy_gradient_loss | -0.00363    |
|    std                  | 0.813       |
|    value_loss           | 0.517       |
-----------------------------------------
----------------------------------------
| rollout/                |            |
|    ep_len_mean          | 865        |
|    ep_rew_mean          | -12.8      |
| time/                   |            |
|    fps                  | 2078       |
|    iterations           | 82         |
|    time_elapsed         | 646        |
|    total_timesteps      | 1343488    |
| train/                  |            |
|    approx_kl            | 0.00765126 |
|    clip_fraction        | 0.0874     |
|    clip_range           | 0.2        |
|    entropy_loss         | -3.53      |
|    explained_variance   | 0.896      |
|    learning_rate        | 0.0003     |
|    loss                 | 0.0978     |
|    n_updates            | 810        |
|    policy_gradient_loss | -0.0037    |
|    std                  | 0.801      |
|    value_loss           | 0.356      |
----------------------------------------
-----------------------------------------
| rollout/                |             |
|    ep_len_mean          | 805         |
|    ep_rew_mean          | -21.1       |
| time/                   |             |
|    fps                  | 2078        |
|    iterations           | 83          |
|    time_elapsed         | 654         |
|    total_timesteps      | 1359872     |
| train/                  |             |
|    approx_kl            | 0.007431099 |
|    clip_fraction        | 0.0686      |
|    clip_range           | 0.2         |
|    entropy_loss         | -3.5        |
|    explained_variance   | 0.904       |
|    learning_rate        | 0.0003      |
|    loss                 | 0.109       |
|    n_updates            | 820         |
|    policy_gradient_loss | -0.00215    |
|    std                  | 0.794       |
|    value_loss           | 0.431       |
-----------------------------------------
------------------------------------------
| rollout/                |              |
|    ep_len_mean          | 790          |
|    ep_rew_mean          | -21.4        |
| time/                   |              |
|    fps                  | 2079         |
|    iterations           | 84           |
|    time_elapsed         | 661          |
|    total_timesteps      | 1376256      |
| train/                  |              |
|    approx_kl            | 0.0053402456 |
|    clip_fraction        | 0.0439       |
|    clip_range           | 0.2          |
|    entropy_loss         | -3.53        |
|    explained_variance   | 0.595        |
|    learning_rate        | 0.0003       |
|    loss                 | 0.445        |
|    n_updates            | 830          |
|    policy_gradient_loss | 0.000321     |
|    std                  | 0.803        |
|    value_loss           | 1.1          |
------------------------------------------
-----------------------------------------
| rollout/                |             |
|    ep_len_mean          | 795         |
|    ep_rew_mean          | -14.4       |
| time/                   |             |
|    fps                  | 2080        |
|    iterations           | 85          |
|    time_elapsed         | 669         |
|    total_timesteps      | 1392640     |
| train/                  |             |
|    approx_kl            | 0.008096334 |
|    clip_fraction        | 0.0921      |
|    clip_range           | 0.2         |
|    entropy_loss         | -3.51       |
|    explained_variance   | 0.922       |
|    learning_rate        | 0.0003      |
|    loss                 | 0.047       |
|    n_updates            | 840         |
|    policy_gradient_loss | -0.00335    |
|    std                  | 0.797       |
|    value_loss           | 0.262       |
-----------------------------------------
------------------------------------------
| rollout/                |              |
|    ep_len_mean          | 760          |
|    ep_rew_mean          | -16.8        |
| time/                   |              |
|    fps                  | 2080         |
|    iterations           | 86           |
|    time_elapsed         | 677          |
|    total_timesteps      | 1409024      |
| train/                  |              |
|    approx_kl            | 0.0065135327 |
|    clip_fraction        | 0.0647       |
|    clip_range           | 0.2          |
|    entropy_loss         | -3.5         |
|    explained_variance   | 0.759        |
|    learning_rate        | 0.0003       |
|    loss                 | 0.229        |
|    n_updates            | 850          |
|    policy_gradient_loss | -0.00117     |
|    std                  | 0.796        |
|    value_loss           | 0.712        |
------------------------------------------
------------------------------------------
| rollout/                |              |
|    ep_len_mean          | 791          |
|    ep_rew_mean          | -31.6        |
| time/                   |              |
|    fps                  | 2081         |
|    iterations           | 87           |
|    time_elapsed         | 684          |
|    total_timesteps      | 1425408      |
| train/                  |              |
|    approx_kl            | 0.0056680124 |
|    clip_fraction        | 0.0564       |
|    clip_range           | 0.2          |
|    entropy_loss         | -3.5         |
|    explained_variance   | 0.56         |
|    learning_rate        | 0.0003       |
|    loss                 | 0.304        |
|    n_updates            | 860          |
|    policy_gradient_loss | -0.000994    |
|    std                  | 0.796        |
|    value_loss           | 0.974        |
------------------------------------------
-----------------------------------------
| rollout/                |             |
|    ep_len_mean          | 813         |
|    ep_rew_mean          | -20.1       |
| time/                   |             |
|    fps                  | 2081        |
|    iterations           | 88          |
|    time_elapsed         | 692         |
|    total_timesteps      | 1441792     |
| train/                  |             |
|    approx_kl            | 0.006149519 |
|    clip_fraction        | 0.0687      |
|    clip_range           | 0.2         |
|    entropy_loss         | -3.51       |
|    explained_variance   | 0.749       |
|    learning_rate        | 0.0003      |
|    loss                 | 0.159       |
|    n_updates            | 870         |
|    policy_gradient_loss | -0.00285    |
|    std                  | 0.801       |
|    value_loss           | 1.26        |
-----------------------------------------
-----------------------------------------
| rollout/                |             |
|    ep_len_mean          | 763         |
|    ep_rew_mean          | -22.8       |
| time/                   |             |
|    fps                  | 2082        |
|    iterations           | 89          |
|    time_elapsed         | 700         |
|    total_timesteps      | 1458176     |
| train/                  |             |
|    approx_kl            | 0.007171285 |
|    clip_fraction        | 0.0814      |
|    clip_range           | 0.2         |
|    entropy_loss         | -3.51       |
|    explained_variance   | 0.794       |
|    learning_rate        | 0.0003      |
|    loss                 | 0.224       |
|    n_updates            | 880         |
|    policy_gradient_loss | -0.00207    |
|    std                  | 0.797       |
|    value_loss           | 0.778       |
-----------------------------------------
-----------------------------------------
| rollout/                |             |
|    ep_len_mean          | 797         |
|    ep_rew_mean          | -24.5       |
| time/                   |             |
|    fps                  | 2082        |
|    iterations           | 90          |
|    time_elapsed         | 707         |
|    total_timesteps      | 1474560     |
| train/                  |             |
|    approx_kl            | 0.006487263 |
|    clip_fraction        | 0.0669      |
|    clip_range           | 0.2         |
|    entropy_loss         | -3.52       |
|    explained_variance   | 0.786       |
|    learning_rate        | 0.0003      |
|    loss                 | 0.142       |
|    n_updates            | 890         |
|    policy_gradient_loss | -0.00182    |
|    std                  | 0.8         |
|    value_loss           | 1.01        |
-----------------------------------------
------------------------------------------
| rollout/                |              |
|    ep_len_mean          | 801          |
|    ep_rew_mean          | -16          |
| time/                   |              |
|    fps                  | 2083         |
|    iterations           | 91           |
|    time_elapsed         | 715          |
|    total_timesteps      | 1490944      |
| train/                  |              |
|    approx_kl            | 0.0075183418 |
|    clip_fraction        | 0.0819       |
|    clip_range           | 0.2          |
|    entropy_loss         | -3.52        |
|    explained_variance   | 0.837        |
|    learning_rate        | 0.0003       |
|    loss                 | 0.314        |
|    n_updates            | 900          |
|    policy_gradient_loss | -0.00165     |
|    std                  | 0.798        |
|    value_loss           | 0.635        |
------------------------------------------
------------------------------------------
| rollout/                |              |
|    ep_len_mean          | 791          |
|    ep_rew_mean          | -10.6        |
| time/                   |              |
|    fps                  | 2083         |
|    iterations           | 92           |
|    time_elapsed         | 723          |
|    total_timesteps      | 1507328      |
| train/                  |              |
|    approx_kl            | 0.0076834057 |
|    clip_fraction        | 0.0853       |
|    clip_range           | 0.2          |
|    entropy_loss         | -3.51        |
|    explained_variance   | 0.745        |
|    learning_rate        | 0.0003       |
|    loss                 | 0.0455       |
|    n_updates            | 910          |
|    policy_gradient_loss | -0.00237     |
|    std                  | 0.795        |
|    value_loss           | 0.499        |
------------------------------------------
------------------------------------------
| rollout/                |              |
|    ep_len_mean          | 796          |
|    ep_rew_mean          | -8.66        |
| time/                   |              |
|    fps                  | 2083         |
|    iterations           | 93           |
|    time_elapsed         | 731          |
|    total_timesteps      | 1523712      |
| train/                  |              |
|    approx_kl            | 0.0074052145 |
|    clip_fraction        | 0.0816       |
|    clip_range           | 0.2          |
|    entropy_loss         | -3.5         |
|    explained_variance   | 0.896        |
|    learning_rate        | 0.0003       |
|    loss                 | 0.128        |
|    n_updates            | 920          |
|    policy_gradient_loss | -0.00409     |
|    std                  | 0.796        |
|    value_loss           | 0.258        |
------------------------------------------
-----------------------------------------
| rollout/                |             |
|    ep_len_mean          | 790         |
|    ep_rew_mean          | -3.32       |
| time/                   |             |
|    fps                  | 2084        |
|    iterations           | 94          |
|    time_elapsed         | 738         |
|    total_timesteps      | 1540096     |
| train/                  |             |
|    approx_kl            | 0.007961952 |
|    clip_fraction        | 0.0836      |
|    clip_range           | 0.2         |
|    entropy_loss         | -3.48       |
|    explained_variance   | 0.901       |
|    learning_rate        | 0.0003      |
|    loss                 | 0.283       |
|    n_updates            | 930         |
|    policy_gradient_loss | -0.00398    |
|    std                  | 0.786       |
|    value_loss           | 0.416       |
-----------------------------------------
-----------------------------------------
| rollout/                |             |
|    ep_len_mean          | 754         |
|    ep_rew_mean          | -0.102      |
| time/                   |             |
|    fps                  | 2084        |
|    iterations           | 95          |
|    time_elapsed         | 746         |
|    total_timesteps      | 1556480     |
| train/                  |             |
|    approx_kl            | 0.008490263 |
|    clip_fraction        | 0.0914      |
|    clip_range           | 0.2         |
|    entropy_loss         | -3.42       |
|    explained_variance   | 0.913       |
|    learning_rate        | 0.0003      |
|    loss                 | 0.0606      |
|    n_updates            | 940         |
|    policy_gradient_loss | -0.00397    |
|    std                  | 0.773       |
|    value_loss           | 0.31        |
-----------------------------------------
-----------------------------------------
| rollout/                |             |
|    ep_len_mean          | 670         |
|    ep_rew_mean          | 3.26        |
| time/                   |             |
|    fps                  | 2085        |
|    iterations           | 96          |
|    time_elapsed         | 754         |
|    total_timesteps      | 1572864     |
| train/                  |             |
|    approx_kl            | 0.006881104 |
|    clip_fraction        | 0.0816      |
|    clip_range           | 0.2         |
|    entropy_loss         | -3.41       |
|    explained_variance   | 0.929       |
|    learning_rate        | 0.0003      |
|    loss                 | 0.0339      |
|    n_updates            | 950         |
|    policy_gradient_loss | -0.0028     |
|    std                  | 0.773       |
|    value_loss           | 0.202       |
-----------------------------------------
------------------------------------------
| rollout/                |              |
|    ep_len_mean          | 606          |
|    ep_rew_mean          | -9.79        |
| time/                   |              |
|    fps                  | 2085         |
|    iterations           | 97           |
|    time_elapsed         | 762          |
|    total_timesteps      | 1589248      |
| train/                  |              |
|    approx_kl            | 0.0071732653 |
|    clip_fraction        | 0.0818       |
|    clip_range           | 0.2          |
|    entropy_loss         | -3.38        |
|    explained_variance   | 0.937        |
|    learning_rate        | 0.0003       |
|    loss                 | 0.113        |
|    n_updates            | 960          |
|    policy_gradient_loss | -0.00318     |
|    std                  | 0.766        |
|    value_loss           | 0.25         |
------------------------------------------
-----------------------------------------
| rollout/                |             |
|    ep_len_mean          | 605         |
|    ep_rew_mean          | -11.4       |
| time/                   |             |
|    fps                  | 2085        |
|    iterations           | 98          |
|    time_elapsed         | 769         |
|    total_timesteps      | 1605632     |
| train/                  |             |
|    approx_kl            | 0.005182172 |
|    clip_fraction        | 0.045       |
|    clip_range           | 0.2         |
|    entropy_loss         | -3.42       |
|    explained_variance   | 0.292       |
|    learning_rate        | 0.0003      |
|    loss                 | 0.2         |
|    n_updates            | 970         |
|    policy_gradient_loss | -0.00137    |
|    std                  | 0.78        |
|    value_loss           | 1.48        |
-----------------------------------------
-----------------------------------------
| rollout/                |             |
|    ep_len_mean          | 610         |
|    ep_rew_mean          | -22.7       |
| time/                   |             |
|    fps                  | 2085        |
|    iterations           | 99          |
|    time_elapsed         | 777         |
|    total_timesteps      | 1622016     |
| train/                  |             |
|    approx_kl            | 0.007213472 |
|    clip_fraction        | 0.0638      |
|    clip_range           | 0.2         |
|    entropy_loss         | -3.45       |
|    explained_variance   | 0.413       |
|    learning_rate        | 0.0003      |
|    loss                 | 1.43        |
|    n_updates            | 980         |
|    policy_gradient_loss | -0.00196    |
|    std                  | 0.785       |
|    value_loss           | 2.19        |
-----------------------------------------
-----------------------------------------
| rollout/                |             |
|    ep_len_mean          | 625         |
|    ep_rew_mean          | -23.6       |
| time/                   |             |
|    fps                  | 2085        |
|    iterations           | 100         |
|    time_elapsed         | 785         |
|    total_timesteps      | 1638400     |
| train/                  |             |
|    approx_kl            | 0.007663996 |
|    clip_fraction        | 0.0834      |
|    clip_range           | 0.2         |
|    entropy_loss         | -3.46       |
|    explained_variance   | 0.827       |
|    learning_rate        | 0.0003      |
|    loss                 | 0.131       |
|    n_updates            | 990         |
|    policy_gradient_loss | -0.00269    |
|    std                  | 0.787       |
|    value_loss           | 0.948       |
-----------------------------------------
------------------------------------------
| rollout/                |              |
|    ep_len_mean          | 730          |
|    ep_rew_mean          | -24.2        |
| time/                   |              |
|    fps                  | 2085         |
|    iterations           | 101          |
|    time_elapsed         | 793          |
|    total_timesteps      | 1654784      |
| train/                  |              |
|    approx_kl            | 0.0073095597 |
|    clip_fraction        | 0.0826       |
|    clip_range           | 0.2          |
|    entropy_loss         | -3.46        |
|    explained_variance   | 0.9          |
|    learning_rate        | 0.0003       |
|    loss                 | 0.0816       |
|    n_updates            | 1000         |
|    policy_gradient_loss | -0.00285     |
|    std                  | 0.785        |
|    value_loss           | 0.24         |
------------------------------------------
------------------------------------------
| rollout/                |              |
|    ep_len_mean          | 635          |
|    ep_rew_mean          | -2.13        |
| time/                   |              |
|    fps                  | 2085         |
|    iterations           | 102          |
|    time_elapsed         | 801          |
|    total_timesteps      | 1671168      |
| train/                  |              |
|    approx_kl            | 0.0072160903 |
|    clip_fraction        | 0.0783       |
|    clip_range           | 0.2          |
|    entropy_loss         | -3.45        |
|    explained_variance   | 0.927        |
|    learning_rate        | 0.0003       |
|    loss                 | 0.0584       |
|    n_updates            | 1010         |
|    policy_gradient_loss | -0.00394     |
|    std                  | 0.786        |
|    value_loss           | 0.216        |
------------------------------------------
-----------------------------------------
| rollout/                |             |
|    ep_len_mean          | 561         |
|    ep_rew_mean          | 3.09        |
| time/                   |             |
|    fps                  | 2086        |
|    iterations           | 103         |
|    time_elapsed         | 808         |
|    total_timesteps      | 1687552     |
| train/                  |             |
|    approx_kl            | 0.009133291 |
|    clip_fraction        | 0.0974      |
|    clip_range           | 0.2         |
|    entropy_loss         | -3.43       |
|    explained_variance   | 0.872       |
|    learning_rate        | 0.0003      |
|    loss                 | 0.322       |
|    n_updates            | 1020        |
|    policy_gradient_loss | -0.0042     |
|    std                  | 0.776       |
|    value_loss           | 0.661       |
-----------------------------------------
-----------------------------------------
| rollout/                |             |
|    ep_len_mean          | 539         |
|    ep_rew_mean          | 3.11        |
| time/                   |             |
|    fps                  | 2086        |
|    iterations           | 104         |
|    time_elapsed         | 816         |
|    total_timesteps      | 1703936     |
| train/                  |             |
|    approx_kl            | 0.007345887 |
|    clip_fraction        | 0.0856      |
|    clip_range           | 0.2         |
|    entropy_loss         | -3.45       |
|    explained_variance   | 0.818       |
|    learning_rate        | 0.0003      |
|    loss                 | 0.0766      |
|    n_updates            | 1030        |
|    policy_gradient_loss | -0.00278    |
|    std                  | 0.784       |
|    value_loss           | 0.425       |
-----------------------------------------
-----------------------------------------
| rollout/                |             |
|    ep_len_mean          | 580         |
|    ep_rew_mean          | -0.291      |
| time/                   |             |
|    fps                  | 2086        |
|    iterations           | 105         |
|    time_elapsed         | 824         |
|    total_timesteps      | 1720320     |
| train/                  |             |
|    approx_kl            | 0.007281349 |
|    clip_fraction        | 0.087       |
|    clip_range           | 0.2         |
|    entropy_loss         | -3.44       |
|    explained_variance   | 0.934       |
|    learning_rate        | 0.0003      |
|    loss                 | 0.116       |
|    n_updates            | 1040        |
|    policy_gradient_loss | -0.0044     |
|    std                  | 0.78        |
|    value_loss           | 0.165       |
-----------------------------------------
-----------------------------------------
| rollout/                |             |
|    ep_len_mean          | 640         |
|    ep_rew_mean          | -0.251      |
| time/                   |             |
|    fps                  | 2087        |
|    iterations           | 106         |
|    time_elapsed         | 832         |
|    total_timesteps      | 1736704     |
| train/                  |             |
|    approx_kl            | 0.007107228 |
|    clip_fraction        | 0.0651      |
|    clip_range           | 0.2         |
|    entropy_loss         | -3.46       |
|    explained_variance   | 0.572       |
|    learning_rate        | 0.0003      |
|    loss                 | 0.131       |
|    n_updates            | 1050        |
|    policy_gradient_loss | -0.00075    |
|    std                  | 0.786       |
|    value_loss           | 0.645       |
-----------------------------------------
------------------------------------------
| rollout/                |              |
|    ep_len_mean          | 743          |
|    ep_rew_mean          | -2.35        |
| time/                   |              |
|    fps                  | 2087         |
|    iterations           | 107          |
|    time_elapsed         | 839          |
|    total_timesteps      | 1753088      |
| train/                  |              |
|    approx_kl            | 0.0076245596 |
|    clip_fraction        | 0.077        |
|    clip_range           | 0.2          |
|    entropy_loss         | -3.43        |
|    explained_variance   | 0.937        |
|    learning_rate        | 0.0003       |
|    loss                 | 0.0965       |
|    n_updates            | 1060         |
|    policy_gradient_loss | -0.00235     |
|    std                  | 0.775        |
|    value_loss           | 0.208        |
------------------------------------------
------------------------------------------
| rollout/                |              |
|    ep_len_mean          | 757          |
|    ep_rew_mean          | -5.99        |
| time/                   |              |
|    fps                  | 2088         |
|    iterations           | 108          |
|    time_elapsed         | 847          |
|    total_timesteps      | 1769472      |
| train/                  |              |
|    approx_kl            | 0.0072076833 |
|    clip_fraction        | 0.0764       |
|    clip_range           | 0.2          |
|    entropy_loss         | -3.41        |
|    explained_variance   | 0.943        |
|    learning_rate        | 0.0003       |
|    loss                 | 0.0462       |
|    n_updates            | 1070         |
|    policy_gradient_loss | -0.00254     |
|    std                  | 0.772        |
|    value_loss           | 0.167        |
------------------------------------------
------------------------------------------
| rollout/                |              |
|    ep_len_mean          | 684          |
|    ep_rew_mean          | -25.2        |
| time/                   |              |
|    fps                  | 2087         |
|    iterations           | 109          |
|    time_elapsed         | 855          |
|    total_timesteps      | 1785856      |
| train/                  |              |
|    approx_kl            | 0.0064538643 |
|    clip_fraction        | 0.0638       |
|    clip_range           | 0.2          |
|    entropy_loss         | -3.44        |
|    explained_variance   | 0.361        |
|    learning_rate        | 0.0003       |
|    loss                 | 0.298        |
|    n_updates            | 1080         |
|    policy_gradient_loss | -0.000881    |
|    std                  | 0.783        |
|    value_loss           | 0.981        |
------------------------------------------
------------------------------------------
| rollout/                |              |
|    ep_len_mean          | 675          |
|    ep_rew_mean          | -21.6        |
| time/                   |              |
|    fps                  | 2088         |
|    iterations           | 110          |
|    time_elapsed         | 863          |
|    total_timesteps      | 1802240      |
| train/                  |              |
|    approx_kl            | 0.0062271375 |
|    clip_fraction        | 0.0554       |
|    clip_range           | 0.2          |
|    entropy_loss         | -3.47        |
|    explained_variance   | 0.609        |
|    learning_rate        | 0.0003       |
|    loss                 | 0.857        |
|    n_updates            | 1090         |
|    policy_gradient_loss | -0.00198     |
|    std                  | 0.786        |
|    value_loss           | 1.82         |
------------------------------------------
-----------------------------------------
| rollout/                |             |
|    ep_len_mean          | 596         |
|    ep_rew_mean          | -20.2       |
| time/                   |             |
|    fps                  | 2088        |
|    iterations           | 111         |
|    time_elapsed         | 870         |
|    total_timesteps      | 1818624     |
| train/                  |             |
|    approx_kl            | 0.009051114 |
|    clip_fraction        | 0.112       |
|    clip_range           | 0.2         |
|    entropy_loss         | -3.43       |
|    explained_variance   | 0.877       |
|    learning_rate        | 0.0003      |
|    loss                 | 0.515       |
|    n_updates            | 1100        |
|    policy_gradient_loss | -0.00395    |
|    std                  | 0.774       |
|    value_loss           | 0.394       |
-----------------------------------------
-----------------------------------------
| rollout/                |             |
|    ep_len_mean          | 549         |
|    ep_rew_mean          | -16         |
| time/                   |             |
|    fps                  | 2088        |
|    iterations           | 112         |
|    time_elapsed         | 878         |
|    total_timesteps      | 1835008     |
| train/                  |             |
|    approx_kl            | 0.008180881 |
|    clip_fraction        | 0.0921      |
|    clip_range           | 0.2         |
|    entropy_loss         | -3.4        |
|    explained_variance   | 0.92        |
|    learning_rate        | 0.0003      |
|    loss                 | 0.0967      |
|    n_updates            | 1110        |
|    policy_gradient_loss | -0.00293    |
|    std                  | 0.766       |
|    value_loss           | 0.275       |
-----------------------------------------
-----------------------------------------
| rollout/                |             |
|    ep_len_mean          | 596         |
|    ep_rew_mean          | 1.21        |
| time/                   |             |
|    fps                  | 2089        |
|    iterations           | 113         |
|    time_elapsed         | 886         |
|    total_timesteps      | 1851392     |
| train/                  |             |
|    approx_kl            | 0.007880878 |
|    clip_fraction        | 0.0732      |
|    clip_range           | 0.2         |
|    entropy_loss         | -3.39       |
|    explained_variance   | 0.871       |
|    learning_rate        | 0.0003      |
|    loss                 | 0.113       |
|    n_updates            | 1120        |
|    policy_gradient_loss | -0.00182    |
|    std                  | 0.769       |
|    value_loss           | 0.337       |
-----------------------------------------
-----------------------------------------
| rollout/                |             |
|    ep_len_mean          | 598         |
|    ep_rew_mean          | -8.85       |
| time/                   |             |
|    fps                  | 2089        |
|    iterations           | 114         |
|    time_elapsed         | 893         |
|    total_timesteps      | 1867776     |
| train/                  |             |
|    approx_kl            | 0.006834864 |
|    clip_fraction        | 0.0873      |
|    clip_range           | 0.2         |
|    entropy_loss         | -3.39       |
|    explained_variance   | 0.924       |
|    learning_rate        | 0.0003      |
|    loss                 | 0.162       |
|    n_updates            | 1130        |
|    policy_gradient_loss | -0.00317    |
|    std                  | 0.767       |
|    value_loss           | 0.329       |
-----------------------------------------
-----------------------------------------
| rollout/                |             |
|    ep_len_mean          | 643         |
|    ep_rew_mean          | -12.8       |
| time/                   |             |
|    fps                  | 2089        |
|    iterations           | 115         |
|    time_elapsed         | 901         |
|    total_timesteps      | 1884160     |
| train/                  |             |
|    approx_kl            | 0.005153968 |
|    clip_fraction        | 0.0497      |
|    clip_range           | 0.2         |
|    entropy_loss         | -3.4        |
|    explained_variance   | 0.472       |
|    learning_rate        | 0.0003      |
|    loss                 | 0.306       |
|    n_updates            | 1140        |
|    policy_gradient_loss | -7.34e-05   |
|    std                  | 0.773       |
|    value_loss           | 1.07        |
-----------------------------------------
------------------------------------------
| rollout/                |              |
|    ep_len_mean          | 700          |
|    ep_rew_mean          | -18          |
| time/                   |              |
|    fps                  | 2089         |
|    iterations           | 116          |
|    time_elapsed         | 909          |
|    total_timesteps      | 1900544      |
| train/                  |              |
|    approx_kl            | 0.0072828815 |
|    clip_fraction        | 0.0771       |
|    clip_range           | 0.2          |
|    entropy_loss         | -3.42        |
|    explained_variance   | 0.675        |
|    learning_rate        | 0.0003       |
|    loss                 | 0.148        |
|    n_updates            | 1150         |
|    policy_gradient_loss | -0.00301     |
|    std                  | 0.774        |
|    value_loss           | 0.937        |
------------------------------------------
-----------------------------------------
| rollout/                |             |
|    ep_len_mean          | 641         |
|    ep_rew_mean          | -27.4       |
| time/                   |             |
|    fps                  | 2089        |
|    iterations           | 117         |
|    time_elapsed         | 917         |
|    total_timesteps      | 1916928     |
| train/                  |             |
|    approx_kl            | 0.007894518 |
|    clip_fraction        | 0.0916      |
|    clip_range           | 0.2         |
|    entropy_loss         | -3.39       |
|    explained_variance   | 0.891       |
|    learning_rate        | 0.0003      |
|    loss                 | 0.255       |
|    n_updates            | 1160        |
|    policy_gradient_loss | -0.00444    |
|    std                  | 0.766       |
|    value_loss           | 0.541       |
-----------------------------------------
------------------------------------------
| rollout/                |              |
|    ep_len_mean          | 605          |
|    ep_rew_mean          | -21.2        |
| time/                   |              |
|    fps                  | 2089         |
|    iterations           | 118          |
|    time_elapsed         | 925          |
|    total_timesteps      | 1933312      |
| train/                  |              |
|    approx_kl            | 0.0067174155 |
|    clip_fraction        | 0.0602       |
|    clip_range           | 0.2          |
|    entropy_loss         | -3.38        |
|    explained_variance   | 0.337        |
|    learning_rate        | 0.0003       |
|    loss                 | 1.8          |
|    n_updates            | 1170         |
|    policy_gradient_loss | -0.000629    |
|    std                  | 0.761        |
|    value_loss           | 1.5          |
------------------------------------------
------------------------------------------
| rollout/                |              |
|    ep_len_mean          | 619          |
|    ep_rew_mean          | -24          |
| time/                   |              |
|    fps                  | 2089         |
|    iterations           | 119          |
|    time_elapsed         | 933          |
|    total_timesteps      | 1949696      |
| train/                  |              |
|    approx_kl            | 0.0073240306 |
|    clip_fraction        | 0.0777       |
|    clip_range           | 0.2          |
|    entropy_loss         | -3.39        |
|    explained_variance   | 0.756        |
|    learning_rate        | 0.0003       |
|    loss                 | 0.529        |
|    n_updates            | 1180         |
|    policy_gradient_loss | -0.00182     |
|    std                  | 0.768        |
|    value_loss           | 1.63         |
------------------------------------------
-----------------------------------------
| rollout/                |             |
|    ep_len_mean          | 598         |
|    ep_rew_mean          | -20.8       |
| time/                   |             |
|    fps                  | 2089        |
|    iterations           | 120         |
|    time_elapsed         | 940         |
|    total_timesteps      | 1966080     |
| train/                  |             |
|    approx_kl            | 0.007035083 |
|    clip_fraction        | 0.0823      |
|    clip_range           | 0.2         |
|    entropy_loss         | -3.4        |
|    explained_variance   | 0.832       |
|    learning_rate        | 0.0003      |
|    loss                 | 0.0933      |
|    n_updates            | 1190        |
|    policy_gradient_loss | -0.00178    |
|    std                  | 0.768       |
|    value_loss           | 1.11        |
-----------------------------------------
-----------------------------------------
| rollout/                |             |
|    ep_len_mean          | 662         |
|    ep_rew_mean          | -24.4       |
| time/                   |             |
|    fps                  | 2089        |
|    iterations           | 121         |
|    time_elapsed         | 948         |
|    total_timesteps      | 1982464     |
| train/                  |             |
|    approx_kl            | 0.008242903 |
|    clip_fraction        | 0.0863      |
|    clip_range           | 0.2         |
|    entropy_loss         | -3.35       |
|    explained_variance   | 0.836       |
|    learning_rate        | 0.0003      |
|    loss                 | 0.217       |
|    n_updates            | 1200        |
|    policy_gradient_loss | -0.00242    |
|    std                  | 0.751       |
|    value_loss           | 0.735       |
-----------------------------------------
------------------------------------------
| rollout/                |              |
|    ep_len_mean          | 564          |
|    ep_rew_mean          | -1.2         |
| time/                   |              |
|    fps                  | 2089         |
|    iterations           | 122          |
|    time_elapsed         | 956          |
|    total_timesteps      | 1998848      |
| train/                  |              |
|    approx_kl            | 0.0068364805 |
|    clip_fraction        | 0.0822       |
|    clip_range           | 0.2          |
|    entropy_loss         | -3.32        |
|    explained_variance   | 0.873        |
|    learning_rate        | 0.0003       |
|    loss                 | 0.192        |
|    n_updates            | 1210         |
|    policy_gradient_loss | -0.00207     |
|    std                  | 0.745        |
|    value_loss           | 0.377        |
------------------------------------------
-----------------------------------------
| rollout/                |             |
|    ep_len_mean          | 596         |
|    ep_rew_mean          | -1.66       |
| time/                   |             |
|    fps                  | 2088        |
|    iterations           | 123         |
|    time_elapsed         | 964         |
|    total_timesteps      | 2015232     |
| train/                  |             |
|    approx_kl            | 0.007971668 |
|    clip_fraction        | 0.0748      |
|    clip_range           | 0.2         |
|    entropy_loss         | -3.32       |
|    explained_variance   | 0.892       |
|    learning_rate        | 0.0003      |
|    loss                 | 0.936       |
|    n_updates            | 1220        |
|    policy_gradient_loss | -0.00128    |
|    std                  | 0.746       |
|    value_loss           | 0.651       |
-----------------------------------------
-----------------------------------------
| rollout/                |             |
|    ep_len_mean          | 548         |
|    ep_rew_mean          | 2.94        |
| time/                   |             |
|    fps                  | 2088        |
|    iterations           | 124         |
|    time_elapsed         | 972         |
|    total_timesteps      | 2031616     |
| train/                  |             |
|    approx_kl            | 0.007006105 |
|    clip_fraction        | 0.0775      |
|    clip_range           | 0.2         |
|    entropy_loss         | -3.3        |
|    explained_variance   | 0.95        |
|    learning_rate        | 0.0003      |
|    loss                 | 0.0118      |
|    n_updates            | 1230        |
|    policy_gradient_loss | -0.00247    |
|    std                  | 0.74        |
|    value_loss           | 0.193       |
-----------------------------------------
-----------------------------------------
| rollout/                |             |
|    ep_len_mean          | 554         |
|    ep_rew_mean          | 2.41        |
| time/                   |             |
|    fps                  | 2088        |
|    iterations           | 125         |
|    time_elapsed         | 980         |
|    total_timesteps      | 2048000     |
| train/                  |             |
|    approx_kl            | 0.007154257 |
|    clip_fraction        | 0.0748      |
|    clip_range           | 0.2         |
|    entropy_loss         | -3.29       |
|    explained_variance   | 0.96        |
|    learning_rate        | 0.0003      |
|    loss                 | 0.0532      |
|    n_updates            | 1240        |
|    policy_gradient_loss | -0.00376    |
|    std                  | 0.741       |
|    value_loss           | 0.175       |
-----------------------------------------
-----------------------------------------
| rollout/                |             |
|    ep_len_mean          | 560         |
|    ep_rew_mean          | 3.27        |
| time/                   |             |
|    fps                  | 2089        |
|    iterations           | 126         |
|    time_elapsed         | 988         |
|    total_timesteps      | 2064384     |
| train/                  |             |
|    approx_kl            | 0.007929193 |
|    clip_fraction        | 0.0877      |
|    clip_range           | 0.2         |
|    entropy_loss         | -3.28       |
|    explained_variance   | 0.933       |
|    learning_rate        | 0.0003      |
|    loss                 | 0.0874      |
|    n_updates            | 1250        |
|    policy_gradient_loss | -0.0027     |
|    std                  | 0.738       |
|    value_loss           | 0.209       |
-----------------------------------------
------------------------------------------
| rollout/                |              |
|    ep_len_mean          | 502          |
|    ep_rew_mean          | 4.17         |
| time/                   |              |
|    fps                  | 2089         |
|    iterations           | 127          |
|    time_elapsed         | 995          |
|    total_timesteps      | 2080768      |
| train/                  |              |
|    approx_kl            | 0.0067258477 |
|    clip_fraction        | 0.0706       |
|    clip_range           | 0.2          |
|    entropy_loss         | -3.28        |
|    explained_variance   | 0.69         |
|    learning_rate        | 0.0003       |
|    loss                 | 0.144        |
|    n_updates            | 1260         |
|    policy_gradient_loss | -0.000732    |
|    std                  | 0.737        |
|    value_loss           | 0.425        |
------------------------------------------
------------------------------------------
| rollout/                |              |
|    ep_len_mean          | 492          |
|    ep_rew_mean          | 3.63         |
| time/                   |              |
|    fps                  | 2089         |
|    iterations           | 128          |
|    time_elapsed         | 1003         |
|    total_timesteps      | 2097152      |
| train/                  |              |
|    approx_kl            | 0.0083318995 |
|    clip_fraction        | 0.0945       |
|    clip_range           | 0.2          |
|    entropy_loss         | -3.26        |
|    explained_variance   | 0.955        |
|    learning_rate        | 0.0003       |
|    loss                 | 0.0857       |
|    n_updates            | 1270         |
|    policy_gradient_loss | -0.00353     |
|    std                  | 0.731        |
|    value_loss           | 0.227        |
------------------------------------------
------------------------------------------
| rollout/                |              |
|    ep_len_mean          | 529          |
|    ep_rew_mean          | 4.75         |
| time/                   |              |
|    fps                  | 2090         |
|    iterations           | 129          |
|    time_elapsed         | 1011         |
|    total_timesteps      | 2113536      |
| train/                  |              |
|    approx_kl            | 0.0077162823 |
|    clip_fraction        | 0.0842       |
|    clip_range           | 0.2          |
|    entropy_loss         | -3.23        |
|    explained_variance   | 0.88         |
|    learning_rate        | 0.0003       |
|    loss                 | 0.399        |
|    n_updates            | 1280         |
|    policy_gradient_loss | -0.00215     |
|    std                  | 0.726        |
|    value_loss           | 0.403        |
------------------------------------------
-----------------------------------------
| rollout/                |             |
|    ep_len_mean          | 527         |
|    ep_rew_mean          | 3.71        |
| time/                   |             |
|    fps                  | 2090        |
|    iterations           | 130         |
|    time_elapsed         | 1018        |
|    total_timesteps      | 2129920     |
| train/                  |             |
|    approx_kl            | 0.008522412 |
|    clip_fraction        | 0.0861      |
|    clip_range           | 0.2         |
|    entropy_loss         | -3.2        |
|    explained_variance   | 0.969       |
|    learning_rate        | 0.0003      |
|    loss                 | 0.0589      |
|    n_updates            | 1290        |
|    policy_gradient_loss | -0.00229    |
|    std                  | 0.715       |
|    value_loss           | 0.135       |
-----------------------------------------
-----------------------------------------
| rollout/                |             |
|    ep_len_mean          | 555         |
|    ep_rew_mean          | 3.81        |
| time/                   |             |
|    fps                  | 2090        |
|    iterations           | 131         |
|    time_elapsed         | 1026        |
|    total_timesteps      | 2146304     |
| train/                  |             |
|    approx_kl            | 0.008447837 |
|    clip_fraction        | 0.0853      |
|    clip_range           | 0.2         |
|    entropy_loss         | -3.19       |
|    explained_variance   | 0.793       |
|    learning_rate        | 0.0003      |
|    loss                 | 0.135       |
|    n_updates            | 1300        |
|    policy_gradient_loss | -0.00164    |
|    std                  | 0.714       |
|    value_loss           | 0.404       |
-----------------------------------------
-----------------------------------------
| rollout/                |             |
|    ep_len_mean          | 499         |
|    ep_rew_mean          | 3.85        |
| time/                   |             |
|    fps                  | 2090        |
|    iterations           | 132         |
|    time_elapsed         | 1034        |
|    total_timesteps      | 2162688     |
| train/                  |             |
|    approx_kl            | 0.008551482 |
|    clip_fraction        | 0.092       |
|    clip_range           | 0.2         |
|    entropy_loss         | -3.18       |
|    explained_variance   | 0.855       |
|    learning_rate        | 0.0003      |
|    loss                 | 0.0567      |
|    n_updates            | 1310        |
|    policy_gradient_loss | -0.00225    |
|    std                  | 0.712       |
|    value_loss           | 0.271       |
-----------------------------------------
-----------------------------------------
| rollout/                |             |
|    ep_len_mean          | 539         |
|    ep_rew_mean          | 4.31        |
| time/                   |             |
|    fps                  | 2090        |
|    iterations           | 133         |
|    time_elapsed         | 1042        |
|    total_timesteps      | 2179072     |
| train/                  |             |
|    approx_kl            | 0.006979147 |
|    clip_fraction        | 0.0845      |
|    clip_range           | 0.2         |
|    entropy_loss         | -3.15       |
|    explained_variance   | 0.949       |
|    learning_rate        | 0.0003      |
|    loss                 | 0.0881      |
|    n_updates            | 1320        |
|    policy_gradient_loss | -0.00243    |
|    std                  | 0.705       |
|    value_loss           | 0.246       |
-----------------------------------------
-----------------------------------------
| rollout/                |             |
|    ep_len_mean          | 515         |
|    ep_rew_mean          | 4           |
| time/                   |             |
|    fps                  | 2089        |
|    iterations           | 134         |
|    time_elapsed         | 1050        |
|    total_timesteps      | 2195456     |
| train/                  |             |
|    approx_kl            | 0.009076326 |
|    clip_fraction        | 0.101       |
|    clip_range           | 0.2         |
|    entropy_loss         | -3.11       |
|    explained_variance   | 0.964       |
|    learning_rate        | 0.0003      |
|    loss                 | -0.0172     |
|    n_updates            | 1330        |
|    policy_gradient_loss | -0.00348    |
|    std                  | 0.695       |
|    value_loss           | 0.147       |
-----------------------------------------
------------------------------------------
| rollout/                |              |
|    ep_len_mean          | 580          |
|    ep_rew_mean          | 2.71         |
| time/                   |              |
|    fps                  | 2089         |
|    iterations           | 135          |
|    time_elapsed         | 1058         |
|    total_timesteps      | 2211840      |
| train/                  |              |
|    approx_kl            | 0.0075076846 |
|    clip_fraction        | 0.076        |
|    clip_range           | 0.2          |
|    entropy_loss         | -3.1         |
|    explained_variance   | 0.886        |
|    learning_rate        | 0.0003       |
|    loss                 | 0.0277       |
|    n_updates            | 1340         |
|    policy_gradient_loss | -0.00231     |
|    std                  | 0.696        |
|    value_loss           | 0.335        |
------------------------------------------
----------------------------------------
| rollout/                |            |
|    ep_len_mean          | 601        |
|    ep_rew_mean          | 0.53       |
| time/                   |            |
|    fps                  | 2089       |
|    iterations           | 136        |
|    time_elapsed         | 1066       |
|    total_timesteps      | 2228224    |
| train/                  |            |
|    approx_kl            | 0.00787081 |
|    clip_fraction        | 0.0777     |
|    clip_range           | 0.2        |
|    entropy_loss         | -3.11      |
|    explained_variance   | 0.832      |
|    learning_rate        | 0.0003     |
|    loss                 | 0.204      |
|    n_updates            | 1350       |
|    policy_gradient_loss | -0.00197   |
|    std                  | 0.695      |
|    value_loss           | 0.309      |
----------------------------------------
------------------------------------------
| rollout/                |              |
|    ep_len_mean          | 592          |
|    ep_rew_mean          | -13.3        |
| time/                   |              |
|    fps                  | 2089         |
|    iterations           | 137          |
|    time_elapsed         | 1074         |
|    total_timesteps      | 2244608      |
| train/                  |              |
|    approx_kl            | 0.0063330717 |
|    clip_fraction        | 0.0569       |
|    clip_range           | 0.2          |
|    entropy_loss         | -3.14        |
|    explained_variance   | 0.489        |
|    learning_rate        | 0.0003       |
|    loss                 | 0.323        |
|    n_updates            | 1360         |
|    policy_gradient_loss | 0.00084      |
|    std                  | 0.707        |
|    value_loss           | 1.15         |
------------------------------------------
-----------------------------------------
| rollout/                |             |
|    ep_len_mean          | 671         |
|    ep_rew_mean          | -14.6       |
| time/                   |             |
|    fps                  | 2089        |
|    iterations           | 138         |
|    time_elapsed         | 1081        |
|    total_timesteps      | 2260992     |
| train/                  |             |
|    approx_kl            | 0.005919777 |
|    clip_fraction        | 0.0519      |
|    clip_range           | 0.2         |
|    entropy_loss         | -3.16       |
|    explained_variance   | 0.812       |
|    learning_rate        | 0.0003      |
|    loss                 | 0.356       |
|    n_updates            | 1370        |
|    policy_gradient_loss | 0.00182     |
|    std                  | 0.708       |
|    value_loss           | 1.11        |
-----------------------------------------
-----------------------------------------
| rollout/                |             |
|    ep_len_mean          | 608         |
|    ep_rew_mean          | -11.8       |
| time/                   |             |
|    fps                  | 2089        |
|    iterations           | 139         |
|    time_elapsed         | 1089        |
|    total_timesteps      | 2277376     |
| train/                  |             |
|    approx_kl            | 0.008439221 |
|    clip_fraction        | 0.0943      |
|    clip_range           | 0.2         |
|    entropy_loss         | -3.17       |
|    explained_variance   | 0.808       |
|    learning_rate        | 0.0003      |
|    loss                 | 0.123       |
|    n_updates            | 1380        |
|    policy_gradient_loss | -0.00277    |
|    std                  | 0.712       |
|    value_loss           | 1.22        |
-----------------------------------------
-----------------------------------------
| rollout/                |             |
|    ep_len_mean          | 569         |
|    ep_rew_mean          | -7.16       |
| time/                   |             |
|    fps                  | 2089        |
|    iterations           | 140         |
|    time_elapsed         | 1097        |
|    total_timesteps      | 2293760     |
| train/                  |             |
|    approx_kl            | 0.008848521 |
|    clip_fraction        | 0.0982      |
|    clip_range           | 0.2         |
|    entropy_loss         | -3.15       |
|    explained_variance   | 0.947       |
|    learning_rate        | 0.0003      |
|    loss                 | 0.0856      |
|    n_updates            | 1390        |
|    policy_gradient_loss | -0.00313    |
|    std                  | 0.707       |
|    value_loss           | 0.178       |
-----------------------------------------
----------------------------------------
| rollout/                |            |
|    ep_len_mean          | 535        |
|    ep_rew_mean          | -7.07      |
| time/                   |            |
|    fps                  | 2089       |
|    iterations           | 141        |
|    time_elapsed         | 1105       |
|    total_timesteps      | 2310144    |
| train/                  |            |
|    approx_kl            | 0.00465528 |
|    clip_fraction        | 0.0444     |
|    clip_range           | 0.2        |
|    entropy_loss         | -3.16      |
|    explained_variance   | 0.598      |
|    learning_rate        | 0.0003     |
|    loss                 | 0.16       |
|    n_updates            | 1400       |
|    policy_gradient_loss | 1.88e-05   |
|    std                  | 0.709      |
|    value_loss           | 1.5        |
----------------------------------------
----------------------------------------
| rollout/                |            |
|    ep_len_mean          | 551        |
|    ep_rew_mean          | -7.83      |
| time/                   |            |
|    fps                  | 2089       |
|    iterations           | 142        |
|    time_elapsed         | 1113       |
|    total_timesteps      | 2326528    |
| train/                  |            |
|    approx_kl            | 0.00933031 |
|    clip_fraction        | 0.104      |
|    clip_range           | 0.2        |
|    entropy_loss         | -3.12      |
|    explained_variance   | 0.849      |
|    learning_rate        | 0.0003     |
|    loss                 | 0.122      |
|    n_updates            | 1410       |
|    policy_gradient_loss | -0.00175   |
|    std                  | 0.698      |
|    value_loss           | 1.06       |
----------------------------------------
-----------------------------------------
| rollout/                |             |
|    ep_len_mean          | 526         |
|    ep_rew_mean          | -7.4        |
| time/                   |             |
|    fps                  | 2089        |
|    iterations           | 143         |
|    time_elapsed         | 1121        |
|    total_timesteps      | 2342912     |
| train/                  |             |
|    approx_kl            | 0.007872984 |
|    clip_fraction        | 0.1         |
|    clip_range           | 0.2         |
|    entropy_loss         | -3.1        |
|    explained_variance   | 0.848       |
|    learning_rate        | 0.0003      |
|    loss                 | 0.123       |
|    n_updates            | 1420        |
|    policy_gradient_loss | -0.00236    |
|    std                  | 0.695       |
|    value_loss           | 0.586       |
-----------------------------------------
-----------------------------------------
| rollout/                |             |
|    ep_len_mean          | 526         |
|    ep_rew_mean          | 4.76        |
| time/                   |             |
|    fps                  | 2089        |
|    iterations           | 144         |
|    time_elapsed         | 1128        |
|    total_timesteps      | 2359296     |
| train/                  |             |
|    approx_kl            | 0.009662962 |
|    clip_fraction        | 0.0921      |
|    clip_range           | 0.2         |
|    entropy_loss         | -3.04       |
|    explained_variance   | 0.952       |
|    learning_rate        | 0.0003      |
|    loss                 | 0.0293      |
|    n_updates            | 1430        |
|    policy_gradient_loss | -0.00435    |
|    std                  | 0.677       |
|    value_loss           | 0.201       |
-----------------------------------------
----------------------------------------
| rollout/                |            |
|    ep_len_mean          | 541        |
|    ep_rew_mean          | 4.46       |
| time/                   |            |
|    fps                  | 2090       |
|    iterations           | 145        |
|    time_elapsed         | 1136       |
|    total_timesteps      | 2375680    |
| train/                  |            |
|    approx_kl            | 0.00841439 |
|    clip_fraction        | 0.0981     |
|    clip_range           | 0.2        |
|    entropy_loss         | -3.01      |
|    explained_variance   | 0.957      |
|    learning_rate        | 0.0003     |
|    loss                 | 0.096      |
|    n_updates            | 1440       |
|    policy_gradient_loss | -0.00367   |
|    std                  | 0.673      |
|    value_loss           | 0.185      |
----------------------------------------
------------------------------------------
| rollout/                |              |
|    ep_len_mean          | 501          |
|    ep_rew_mean          | -7.23        |
| time/                   |              |
|    fps                  | 2089         |
|    iterations           | 146          |
|    time_elapsed         | 1144         |
|    total_timesteps      | 2392064      |
| train/                  |              |
|    approx_kl            | 0.0062736617 |
|    clip_fraction        | 0.0653       |
|    clip_range           | 0.2          |
|    entropy_loss         | -3.03        |
|    explained_variance   | 0.62         |
|    learning_rate        | 0.0003       |
|    loss                 | 0.0714       |
|    n_updates            | 1450         |
|    policy_gradient_loss | 0.000111     |
|    std                  | 0.679        |
|    value_loss           | 0.865        |
------------------------------------------
-----------------------------------------
| rollout/                |             |
|    ep_len_mean          | 565         |
|    ep_rew_mean          | -8.62       |
| time/                   |             |
|    fps                  | 2090        |
|    iterations           | 147         |
|    time_elapsed         | 1152        |
|    total_timesteps      | 2408448     |
| train/                  |             |
|    approx_kl            | 0.008327598 |
|    clip_fraction        | 0.0763      |
|    clip_range           | 0.2         |
|    entropy_loss         | -3.07       |
|    explained_variance   | 0.824       |
|    learning_rate        | 0.0003      |
|    loss                 | 0.111       |
|    n_updates            | 1460        |
|    policy_gradient_loss | -0.000781   |
|    std                  | 0.69        |
|    value_loss           | 0.976       |
-----------------------------------------
-----------------------------------------
| rollout/                |             |
|    ep_len_mean          | 587         |
|    ep_rew_mean          | -8.17       |
| time/                   |             |
|    fps                  | 2090        |
|    iterations           | 148         |
|    time_elapsed         | 1160        |
|    total_timesteps      | 2424832     |
| train/                  |             |
|    approx_kl            | 0.007843403 |
|    clip_fraction        | 0.0927      |
|    clip_range           | 0.2         |
|    entropy_loss         | -3.08       |
|    explained_variance   | 0.912       |
|    learning_rate        | 0.0003      |
|    loss                 | 0.036       |
|    n_updates            | 1470        |
|    policy_gradient_loss | -0.00228    |
|    std                  | 0.686       |
|    value_loss           | 0.286       |
-----------------------------------------
-----------------------------------------
| rollout/                |             |
|    ep_len_mean          | 550         |
|    ep_rew_mean          | -3.61       |
| time/                   |             |
|    fps                  | 2089        |
|    iterations           | 149         |
|    time_elapsed         | 1168        |
|    total_timesteps      | 2441216     |
| train/                  |             |
|    approx_kl            | 0.008570847 |
|    clip_fraction        | 0.0689      |
|    clip_range           | 0.2         |
|    entropy_loss         | -3.09       |
|    explained_variance   | 0.82        |
|    learning_rate        | 0.0003      |
|    loss                 | 0.502       |
|    n_updates            | 1480        |
|    policy_gradient_loss | -0.00141    |
|    std                  | 0.696       |
|    value_loss           | 0.774       |
-----------------------------------------
-----------------------------------------
| rollout/                |             |
|    ep_len_mean          | 510         |
|    ep_rew_mean          | -2.12       |
| time/                   |             |
|    fps                  | 2089        |
|    iterations           | 150         |
|    time_elapsed         | 1176        |
|    total_timesteps      | 2457600     |
| train/                  |             |
|    approx_kl            | 0.007698473 |
|    clip_fraction        | 0.0833      |
|    clip_range           | 0.2         |
|    entropy_loss         | -3.1        |
|    explained_variance   | 0.938       |
|    learning_rate        | 0.0003      |
|    loss                 | 0.0753      |
|    n_updates            | 1490        |
|    policy_gradient_loss | -0.000252   |
|    std                  | 0.696       |
|    value_loss           | 0.372       |
-----------------------------------------
-----------------------------------------
| rollout/                |             |
|    ep_len_mean          | 517         |
|    ep_rew_mean          | -17.6       |
| time/                   |             |
|    fps                  | 2089        |
|    iterations           | 151         |
|    time_elapsed         | 1184        |
|    total_timesteps      | 2473984     |
| train/                  |             |
|    approx_kl            | 0.009366363 |
|    clip_fraction        | 0.103       |
|    clip_range           | 0.2         |
|    entropy_loss         | -3.08       |
|    explained_variance   | 0.967       |
|    learning_rate        | 0.0003      |
|    loss                 | 0.0466      |
|    n_updates            | 1500        |
|    policy_gradient_loss | -0.00364    |
|    std                  | 0.688       |
|    value_loss           | 0.147       |
-----------------------------------------
-----------------------------------------
| rollout/                |             |
|    ep_len_mean          | 472         |
|    ep_rew_mean          | -9.59       |
| time/                   |             |
|    fps                  | 2088        |
|    iterations           | 152         |
|    time_elapsed         | 1192        |
|    total_timesteps      | 2490368     |
| train/                  |             |
|    approx_kl            | 0.006811866 |
|    clip_fraction        | 0.056       |
|    clip_range           | 0.2         |
|    entropy_loss         | -3.1        |
|    explained_variance   | 0.825       |
|    learning_rate        | 0.0003      |
|    loss                 | 0.257       |
|    n_updates            | 1510        |
|    policy_gradient_loss | -0.000206   |
|    std                  | 0.699       |
|    value_loss           | 1.95        |
-----------------------------------------
------------------------------------------
| rollout/                |              |
|    ep_len_mean          | 475          |
|    ep_rew_mean          | -14.6        |
| time/                   |              |
|    fps                  | 2088         |
|    iterations           | 153          |
|    time_elapsed         | 1200         |
|    total_timesteps      | 2506752      |
| train/                  |              |
|    approx_kl            | 0.0072433366 |
|    clip_fraction        | 0.0763       |
|    clip_range           | 0.2          |
|    entropy_loss         | -3.12        |
|    explained_variance   | 0.9          |
|    learning_rate        | 0.0003       |
|    loss                 | 0.562        |
|    n_updates            | 1520         |
|    policy_gradient_loss | -0.00145     |
|    std                  | 0.703        |
|    value_loss           | 2.03         |
------------------------------------------
-----------------------------------------
| rollout/                |             |
|    ep_len_mean          | 443         |
|    ep_rew_mean          | 1.18        |
| time/                   |             |
|    fps                  | 2089        |
|    iterations           | 154         |
|    time_elapsed         | 1207        |
|    total_timesteps      | 2523136     |
| train/                  |             |
|    approx_kl            | 0.007755735 |
|    clip_fraction        | 0.102       |
|    clip_range           | 0.2         |
|    entropy_loss         | -3.11       |
|    explained_variance   | 0.908       |
|    learning_rate        | 0.0003      |
|    loss                 | 0.628       |
|    n_updates            | 1530        |
|    policy_gradient_loss | -0.000979   |
|    std                  | 0.695       |
|    value_loss           | 0.337       |
-----------------------------------------
-----------------------------------------
| rollout/                |             |
|    ep_len_mean          | 528         |
|    ep_rew_mean          | -8.18       |
| time/                   |             |
|    fps                  | 2088        |
|    iterations           | 155         |
|    time_elapsed         | 1215        |
|    total_timesteps      | 2539520     |
| train/                  |             |
|    approx_kl            | 0.008177841 |
|    clip_fraction        | 0.0907      |
|    clip_range           | 0.2         |
|    entropy_loss         | -3.07       |
|    explained_variance   | 0.949       |
|    learning_rate        | 0.0003      |
|    loss                 | 0.0674      |
|    n_updates            | 1540        |
|    policy_gradient_loss | -0.00198    |
|    std                  | 0.688       |
|    value_loss           | 0.349       |
-----------------------------------------
------------------------------------------
| rollout/                |              |
|    ep_len_mean          | 512          |
|    ep_rew_mean          | -2.62        |
| time/                   |              |
|    fps                  | 2089         |
|    iterations           | 156          |
|    time_elapsed         | 1223         |
|    total_timesteps      | 2555904      |
| train/                  |              |
|    approx_kl            | 0.0075511876 |
|    clip_fraction        | 0.0651       |
|    clip_range           | 0.2          |
|    entropy_loss         | -3.07        |
|    explained_variance   | 0.326        |
|    learning_rate        | 0.0003       |
|    loss                 | 0.0756       |
|    n_updates            | 1550         |
|    policy_gradient_loss | -2.32e-05    |
|    std                  | 0.686        |
|    value_loss           | 0.765        |
------------------------------------------
-----------------------------------------
| rollout/                |             |
|    ep_len_mean          | 533         |
|    ep_rew_mean          | -3.25       |
| time/                   |             |
|    fps                  | 2088        |
|    iterations           | 157         |
|    time_elapsed         | 1231        |
|    total_timesteps      | 2572288     |
| train/                  |             |
|    approx_kl            | 0.009041555 |
|    clip_fraction        | 0.101       |
|    clip_range           | 0.2         |
|    entropy_loss         | -3.01       |
|    explained_variance   | 0.934       |
|    learning_rate        | 0.0003      |
|    loss                 | 0.0542      |
|    n_updates            | 1560        |
|    policy_gradient_loss | -0.00341    |
|    std                  | 0.671       |
|    value_loss           | 0.393       |
-----------------------------------------
------------------------------------------
| rollout/                |              |
|    ep_len_mean          | 496          |
|    ep_rew_mean          | -0.191       |
| time/                   |              |
|    fps                  | 2088         |
|    iterations           | 158          |
|    time_elapsed         | 1239         |
|    total_timesteps      | 2588672      |
| train/                  |              |
|    approx_kl            | 0.0070742005 |
|    clip_fraction        | 0.0717       |
|    clip_range           | 0.2          |
|    entropy_loss         | -3.01        |
|    explained_variance   | 0.814        |
|    learning_rate        | 0.0003       |
|    loss                 | 0.231        |
|    n_updates            | 1570         |
|    policy_gradient_loss | 0.000205     |
|    std                  | 0.676        |
|    value_loss           | 1.02         |
------------------------------------------
-----------------------------------------
| rollout/                |             |
|    ep_len_mean          | 495         |
|    ep_rew_mean          | 0.39        |
| time/                   |             |
|    fps                  | 2088        |
|    iterations           | 159         |
|    time_elapsed         | 1247        |
|    total_timesteps      | 2605056     |
| train/                  |             |
|    approx_kl            | 0.008556169 |
|    clip_fraction        | 0.105       |
|    clip_range           | 0.2         |
|    entropy_loss         | -3.02       |
|    explained_variance   | 0.931       |
|    learning_rate        | 0.0003      |
|    loss                 | 0.126       |
|    n_updates            | 1580        |
|    policy_gradient_loss | -0.00263    |
|    std                  | 0.674       |
|    value_loss           | 0.414       |
-----------------------------------------
-----------------------------------------
| rollout/                |             |
|    ep_len_mean          | 536         |
|    ep_rew_mean          | -0.418      |
| time/                   |             |
|    fps                  | 2089        |
|    iterations           | 160         |
|    time_elapsed         | 1254        |
|    total_timesteps      | 2621440     |
| train/                  |             |
|    approx_kl            | 0.009446964 |
|    clip_fraction        | 0.106       |
|    clip_range           | 0.2         |
|    entropy_loss         | -2.99       |
|    explained_variance   | 0.959       |
|    learning_rate        | 0.0003      |
|    loss                 | 0.0344      |
|    n_updates            | 1590        |
|    policy_gradient_loss | -0.00325    |
|    std                  | 0.667       |
|    value_loss           | 0.134       |
-----------------------------------------
-----------------------------------------
| rollout/                |             |
|    ep_len_mean          | 551         |
|    ep_rew_mean          | 5.12        |
| time/                   |             |
|    fps                  | 2089        |
|    iterations           | 161         |
|    time_elapsed         | 1262        |
|    total_timesteps      | 2637824     |
| train/                  |             |
|    approx_kl            | 0.007991684 |
|    clip_fraction        | 0.0931      |
|    clip_range           | 0.2         |
|    entropy_loss         | -2.97       |
|    explained_variance   | 0.956       |
|    learning_rate        | 0.0003      |
|    loss                 | 0.0426      |
|    n_updates            | 1600        |
|    policy_gradient_loss | -0.00367    |
|    std                  | 0.664       |
|    value_loss           | 0.205       |
-----------------------------------------
----------------------------------------
| rollout/                |            |
|    ep_len_mean          | 603        |
|    ep_rew_mean          | 3.92       |
| time/                   |            |
|    fps                  | 2089       |
|    iterations           | 162        |
|    time_elapsed         | 1270       |
|    total_timesteps      | 2654208    |
| train/                  |            |
|    approx_kl            | 0.00788768 |
|    clip_fraction        | 0.103      |
|    clip_range           | 0.2        |
|    entropy_loss         | -2.97      |
|    explained_variance   | 0.963      |
|    learning_rate        | 0.0003     |
|    loss                 | 0.143      |
|    n_updates            | 1610       |
|    policy_gradient_loss | -0.00234   |
|    std                  | 0.665      |
|    value_loss           | 0.153      |
----------------------------------------
-----------------------------------------
| rollout/                |             |
|    ep_len_mean          | 555         |
|    ep_rew_mean          | 5.28        |
| time/                   |             |
|    fps                  | 2089        |
|    iterations           | 163         |
|    time_elapsed         | 1277        |
|    total_timesteps      | 2670592     |
| train/                  |             |
|    approx_kl            | 0.008954657 |
|    clip_fraction        | 0.0965      |
|    clip_range           | 0.2         |
|    entropy_loss         | -2.96       |
|    explained_variance   | 0.94        |
|    learning_rate        | 0.0003      |
|    loss                 | 0.0744      |
|    n_updates            | 1620        |
|    policy_gradient_loss | -0.00196    |
|    std                  | 0.662       |
|    value_loss           | 0.179       |
-----------------------------------------
-----------------------------------------
| rollout/                |             |
|    ep_len_mean          | 534         |
|    ep_rew_mean          | -5.79       |
| time/                   |             |
|    fps                  | 2089        |
|    iterations           | 164         |
|    time_elapsed         | 1285        |
|    total_timesteps      | 2686976     |
| train/                  |             |
|    approx_kl            | 0.008506149 |
|    clip_fraction        | 0.0928      |
|    clip_range           | 0.2         |
|    entropy_loss         | -2.98       |
|    explained_variance   | 0.867       |
|    learning_rate        | 0.0003      |
|    loss                 | 0.107       |
|    n_updates            | 1630        |
|    policy_gradient_loss | -0.00168    |
|    std                  | 0.669       |
|    value_loss           | 0.351       |
-----------------------------------------
-----------------------------------------
| rollout/                |             |
|    ep_len_mean          | 488         |
|    ep_rew_mean          | -4.97       |
| time/                   |             |
|    fps                  | 2089        |
|    iterations           | 165         |
|    time_elapsed         | 1293        |
|    total_timesteps      | 2703360     |
| train/                  |             |
|    approx_kl            | 0.007917173 |
|    clip_fraction        | 0.0721      |
|    clip_range           | 0.2         |
|    entropy_loss         | -3.03       |
|    explained_variance   | 0.795       |
|    learning_rate        | 0.0003      |
|    loss                 | 0.0759      |
|    n_updates            | 1640        |
|    policy_gradient_loss | -0.00122    |
|    std                  | 0.678       |
|    value_loss           | 0.989       |
-----------------------------------------
-----------------------------------------
| rollout/                |             |
|    ep_len_mean          | 421         |
|    ep_rew_mean          | -1.92       |
| time/                   |             |
|    fps                  | 2089        |
|    iterations           | 166         |
|    time_elapsed         | 1301        |
|    total_timesteps      | 2719744     |
| train/                  |             |
|    approx_kl            | 0.007787242 |
|    clip_fraction        | 0.0946      |
|    clip_range           | 0.2         |
|    entropy_loss         | -3.02       |
|    explained_variance   | 0.946       |
|    learning_rate        | 0.0003      |
|    loss                 | 0.0298      |
|    n_updates            | 1650        |
|    policy_gradient_loss | -0.00254    |
|    std                  | 0.672       |
|    value_loss           | 0.188       |
-----------------------------------------
-----------------------------------------
| rollout/                |             |
|    ep_len_mean          | 400         |
|    ep_rew_mean          | 5.94        |
| time/                   |             |
|    fps                  | 2090        |
|    iterations           | 167         |
|    time_elapsed         | 1309        |
|    total_timesteps      | 2736128     |
| train/                  |             |
|    approx_kl            | 0.008626899 |
|    clip_fraction        | 0.0897      |
|    clip_range           | 0.2         |
|    entropy_loss         | -2.98       |
|    explained_variance   | 0.962       |
|    learning_rate        | 0.0003      |
|    loss                 | 0.0893      |
|    n_updates            | 1660        |
|    policy_gradient_loss | -0.00359    |
|    std                  | 0.664       |
|    value_loss           | 0.205       |
-----------------------------------------
------------------------------------------
| rollout/                |              |
|    ep_len_mean          | 411          |
|    ep_rew_mean          | 6.19         |
| time/                   |              |
|    fps                  | 2090         |
|    iterations           | 168          |
|    time_elapsed         | 1316         |
|    total_timesteps      | 2752512      |
| train/                  |              |
|    approx_kl            | 0.0076294653 |
|    clip_fraction        | 0.0837       |
|    clip_range           | 0.2          |
|    entropy_loss         | -2.95        |
|    explained_variance   | 0.913        |
|    learning_rate        | 0.0003       |
|    loss                 | 0.148        |
|    n_updates            | 1670         |
|    policy_gradient_loss | -0.00282     |
|    std                  | 0.66         |
|    value_loss           | 0.365        |
------------------------------------------
-----------------------------------------
| rollout/                |             |
|    ep_len_mean          | 431         |
|    ep_rew_mean          | 5.2         |
| time/                   |             |
|    fps                  | 2090        |
|    iterations           | 169         |
|    time_elapsed         | 1324        |
|    total_timesteps      | 2768896     |
| train/                  |             |
|    approx_kl            | 0.008190908 |
|    clip_fraction        | 0.097       |
|    clip_range           | 0.2         |
|    entropy_loss         | -2.96       |
|    explained_variance   | 0.922       |
|    learning_rate        | 0.0003      |
|    loss                 | 0.0892      |
|    n_updates            | 1680        |
|    policy_gradient_loss | -0.00215    |
|    std                  | 0.663       |
|    value_loss           | 0.277       |
-----------------------------------------
-----------------------------------------
| rollout/                |             |
|    ep_len_mean          | 549         |
|    ep_rew_mean          | -19.1       |
| time/                   |             |
|    fps                  | 2090        |
|    iterations           | 170         |
|    time_elapsed         | 1332        |
|    total_timesteps      | 2785280     |
| train/                  |             |
|    approx_kl            | 0.008468492 |
|    clip_fraction        | 0.0762      |
|    clip_range           | 0.2         |
|    entropy_loss         | -3.02       |
|    explained_variance   | 0.396       |
|    learning_rate        | 0.0003      |
|    loss                 | 0.387       |
|    n_updates            | 1690        |
|    policy_gradient_loss | -0.00155    |
|    std                  | 0.678       |
|    value_loss           | 1.26        |
-----------------------------------------
------------------------------------------
| rollout/                |              |
|    ep_len_mean          | 510          |
|    ep_rew_mean          | -21.3        |
| time/                   |              |
|    fps                  | 2090         |
|    iterations           | 171          |
|    time_elapsed         | 1340         |
|    total_timesteps      | 2801664      |
| train/                  |              |
|    approx_kl            | 0.0070114303 |
|    clip_fraction        | 0.0663       |
|    clip_range           | 0.2          |
|    entropy_loss         | -3.08        |
|    explained_variance   | 0.765        |
|    learning_rate        | 0.0003       |
|    loss                 | 0.174        |
|    n_updates            | 1700         |
|    policy_gradient_loss | -0.000916    |
|    std                  | 0.692        |
|    value_loss           | 0.927        |
------------------------------------------
-----------------------------------------
| rollout/                |             |
|    ep_len_mean          | 554         |
|    ep_rew_mean          | -29         |
| time/                   |             |
|    fps                  | 2090        |
|    iterations           | 172         |
|    time_elapsed         | 1347        |
|    total_timesteps      | 2818048     |
| train/                  |             |
|    approx_kl            | 0.008087614 |
|    clip_fraction        | 0.0897      |
|    clip_range           | 0.2         |
|    entropy_loss         | -3.09       |
|    explained_variance   | 0.897       |
|    learning_rate        | 0.0003      |
|    loss                 | 1.37        |
|    n_updates            | 1710        |
|    policy_gradient_loss | -0.00308    |
|    std                  | 0.689       |
|    value_loss           | 2.6         |
-----------------------------------------
-----------------------------------------
| rollout/                |             |
|    ep_len_mean          | 467         |
|    ep_rew_mean          | -12.4       |
| time/                   |             |
|    fps                  | 2090        |
|    iterations           | 173         |
|    time_elapsed         | 1355        |
|    total_timesteps      | 2834432     |
| train/                  |             |
|    approx_kl            | 0.006507043 |
|    clip_fraction        | 0.0753      |
|    clip_range           | 0.2         |
|    entropy_loss         | -3.11       |
|    explained_variance   | 0.914       |
|    learning_rate        | 0.0003      |
|    loss                 | 0.164       |
|    n_updates            | 1720        |
|    policy_gradient_loss | -0.00104    |
|    std                  | 0.697       |
|    value_loss           | 1.63        |
-----------------------------------------
------------------------------------------
| rollout/                |              |
|    ep_len_mean          | 511          |
|    ep_rew_mean          | -17.3        |
| time/                   |              |
|    fps                  | 2090         |
|    iterations           | 174          |
|    time_elapsed         | 1363         |
|    total_timesteps      | 2850816      |
| train/                  |              |
|    approx_kl            | 0.0075820163 |
|    clip_fraction        | 0.0918       |
|    clip_range           | 0.2          |
|    entropy_loss         | -3.13        |
|    explained_variance   | 0.833        |
|    learning_rate        | 0.0003       |
|    loss                 | 0.185        |
|    n_updates            | 1730         |
|    policy_gradient_loss | -0.00239     |
|    std                  | 0.698        |
|    value_loss           | 0.889        |
------------------------------------------
-----------------------------------------
| rollout/                |             |
|    ep_len_mean          | 493         |
|    ep_rew_mean          | -5.73       |
| time/                   |             |
|    fps                  | 2090        |
|    iterations           | 175         |
|    time_elapsed         | 1371        |
|    total_timesteps      | 2867200     |
| train/                  |             |
|    approx_kl            | 0.008382345 |
|    clip_fraction        | 0.1         |
|    clip_range           | 0.2         |
|    entropy_loss         | -3.1        |
|    explained_variance   | 0.945       |
|    learning_rate        | 0.0003      |
|    loss                 | 0.174       |
|    n_updates            | 1740        |
|    policy_gradient_loss | -0.00449    |
|    std                  | 0.691       |
|    value_loss           | 0.435       |
-----------------------------------------
------------------------------------------
| rollout/                |              |
|    ep_len_mean          | 492          |
|    ep_rew_mean          | 0.28         |
| time/                   |              |
|    fps                  | 2090         |
|    iterations           | 176          |
|    time_elapsed         | 1379         |
|    total_timesteps      | 2883584      |
| train/                  |              |
|    approx_kl            | 0.0074842274 |
|    clip_fraction        | 0.0917       |
|    clip_range           | 0.2          |
|    entropy_loss         | -3.09        |
|    explained_variance   | 0.964        |
|    learning_rate        | 0.0003       |
|    loss                 | 0.142        |
|    n_updates            | 1750         |
|    policy_gradient_loss | -0.00325     |
|    std                  | 0.688        |
|    value_loss           | 0.35         |
------------------------------------------
-----------------------------------------
| rollout/                |             |
|    ep_len_mean          | 381         |
|    ep_rew_mean          | -1.49       |
| time/                   |             |
|    fps                  | 2090        |
|    iterations           | 177         |
|    time_elapsed         | 1387        |
|    total_timesteps      | 2899968     |
| train/                  |             |
|    approx_kl            | 0.007915403 |
|    clip_fraction        | 0.0814      |
|    clip_range           | 0.2         |
|    entropy_loss         | -3.07       |
|    explained_variance   | 0.866       |
|    learning_rate        | 0.0003      |
|    loss                 | 0.135       |
|    n_updates            | 1760        |
|    policy_gradient_loss | -0.00103    |
|    std                  | 0.686       |
|    value_loss           | 0.79        |
-----------------------------------------
------------------------------------------
| rollout/                |              |
|    ep_len_mean          | 411          |
|    ep_rew_mean          | -0.949       |
| time/                   |              |
|    fps                  | 2090         |
|    iterations           | 178          |
|    time_elapsed         | 1395         |
|    total_timesteps      | 2916352      |
| train/                  |              |
|    approx_kl            | 0.0070142103 |
|    clip_fraction        | 0.0768       |
|    clip_range           | 0.2          |
|    entropy_loss         | -3.11        |
|    explained_variance   | 0.924        |
|    learning_rate        | 0.0003       |
|    loss                 | 0.362        |
|    n_updates            | 1770         |
|    policy_gradient_loss | -0.000464    |
|    std                  | 0.697        |
|    value_loss           | 0.525        |
------------------------------------------
------------------------------------------
| rollout/                |              |
|    ep_len_mean          | 445          |
|    ep_rew_mean          | -6.52        |
| time/                   |              |
|    fps                  | 2089         |
|    iterations           | 179          |
|    time_elapsed         | 1403         |
|    total_timesteps      | 2932736      |
| train/                  |              |
|    approx_kl            | 0.0083125215 |
|    clip_fraction        | 0.0951       |
|    clip_range           | 0.2          |
|    entropy_loss         | -3.1         |
|    explained_variance   | 0.96         |
|    learning_rate        | 0.0003       |
|    loss                 | 0.145        |
|    n_updates            | 1780         |
|    policy_gradient_loss | -0.00623     |
|    std                  | 0.692        |
|    value_loss           | 0.351        |
------------------------------------------
----------------------------------------
| rollout/                |            |
|    ep_len_mean          | 452        |
|    ep_rew_mean          | 1.93       |
| time/                   |            |
|    fps                  | 2089       |
|    iterations           | 180        |
|    time_elapsed         | 1411       |
|    total_timesteps      | 2949120    |
| train/                  |            |
|    approx_kl            | 0.00846114 |
|    clip_fraction        | 0.0775     |
|    clip_range           | 0.2        |
|    entropy_loss         | -3.12      |
|    explained_variance   | 0.742      |
|    learning_rate        | 0.0003     |
|    loss                 | 1.69       |
|    n_updates            | 1790       |
|    policy_gradient_loss | -0.00149   |
|    std                  | 0.7        |
|    value_loss           | 1.07       |
----------------------------------------
-----------------------------------------
| rollout/                |             |
|    ep_len_mean          | 435         |
|    ep_rew_mean          | -3.11       |
| time/                   |             |
|    fps                  | 2089        |
|    iterations           | 181         |
|    time_elapsed         | 1419        |
|    total_timesteps      | 2965504     |
| train/                  |             |
|    approx_kl            | 0.008152176 |
|    clip_fraction        | 0.0854      |
|    clip_range           | 0.2         |
|    entropy_loss         | -3.16       |
|    explained_variance   | 0.902       |
|    learning_rate        | 0.0003      |
|    loss                 | 0.368       |
|    n_updates            | 1800        |
|    policy_gradient_loss | -0.00144    |
|    std                  | 0.71        |
|    value_loss           | 0.891       |
-----------------------------------------
-----------------------------------------
| rollout/                |             |
|    ep_len_mean          | 462         |
|    ep_rew_mean          | 1.49        |
| time/                   |             |
|    fps                  | 2089        |
|    iterations           | 182         |
|    time_elapsed         | 1426        |
|    total_timesteps      | 2981888     |
| train/                  |             |
|    approx_kl            | 0.009088019 |
|    clip_fraction        | 0.102       |
|    clip_range           | 0.2         |
|    entropy_loss         | -3.16       |
|    explained_variance   | 0.941       |
|    learning_rate        | 0.0003      |
|    loss                 | 0.0461      |
|    n_updates            | 1810        |
|    policy_gradient_loss | -0.00413    |
|    std                  | 0.707       |
|    value_loss           | 0.373       |
-----------------------------------------
-----------------------------------------
| rollout/                |             |
|    ep_len_mean          | 428         |
|    ep_rew_mean          | 6.57        |
| time/                   |             |
|    fps                  | 2089        |
|    iterations           | 183         |
|    time_elapsed         | 1434        |
|    total_timesteps      | 2998272     |
| train/                  |             |
|    approx_kl            | 0.008097045 |
|    clip_fraction        | 0.0808      |
|    clip_range           | 0.2         |
|    entropy_loss         | -3.14       |
|    explained_variance   | 0.926       |
|    learning_rate        | 0.0003      |
|    loss                 | 0.103       |
|    n_updates            | 1820        |
|    policy_gradient_loss | -0.00317    |
|    std                  | 0.703       |
|    value_loss           | 0.488       |
-----------------------------------------
-----------------------------------------
| rollout/                |             |
|    ep_len_mean          | 428         |
|    ep_rew_mean          | 6.59        |
| time/                   |             |
|    fps                  | 2090        |
|    iterations           | 184         |
|    time_elapsed         | 1442        |
|    total_timesteps      | 3014656     |
| train/                  |             |
|    approx_kl            | 0.008649965 |
|    clip_fraction        | 0.0957      |
|    clip_range           | 0.2         |
|    entropy_loss         | -3.11       |
|    explained_variance   | 0.942       |
|    learning_rate        | 0.0003      |
|    loss                 | 0.0664      |
|    n_updates            | 1830        |
|    policy_gradient_loss | -0.00324    |
|    std                  | 0.694       |
|    value_loss           | 0.475       |
-----------------------------------------
PPO run 4 done. Model + checkpoints in runs/ppo_v2/. Compare with `firebot-eval --train-db training.db`.
